Video,Arena,Sequence,Individual,Group,REP,Beginning_seq,End_seq,Prop_time_lost,Smoothing_filter_window,Smoothing_Polyorder,Moving_threshold,Prop_time_moving,Average_Speed,Average_Speed_Moving,Traveled_Dist,Meander,Traveled_Dist_Moving,Meander_moving,Exploration_absolute_value,Exploration_relative_value,Exploration_method,Exploration_area,Exploration_aspect_param,Mean_nb_neighbours,Prop_time_with_at_least_one_neighbour,Mean_shortest_interind_distance,Mean_sum_interind_distances
REP_1.avi,0,1_min,DEL_1,DEL,1,0,59.99,0,15,2,0.28,0.9959885387,4.264667891,4.280993563,255.839022,173.4505597,255.788188,127.477689,28.34477356,0.4889681494,Modern,0.2,NA,NA,NA,NA,NA
REP_1.avi,0,2_min,DEL_1,DEL,1,59.99,119.98,0,15,2,0.28,0.9925544101,3.689901412,3.71624169,221.4854189,306.0080558,221.405626,134.3306853,29.46215763,0.5082438448,Modern,0.2,NA,NA,NA,NA,NA
REP_1.avi,0,3_min,DEL_1,DEL,1,119.98,179.97,0,15,2,0.28,0.9971363116,3.944944,3.955728595,236.7942872,123.3489565,236.7616709,98.42550801,24.04242693,0.4147495121,Modern,0.2,NA,NA,NA,NA,NA
REP_1.avi,0,4_min,DEL_1,DEL,1,179.97,240,0,15,2,0.28,0.9937034917,3.632416184,3.654460732,218.1597591,300.8253522,218.1017544,132.7321039,25.2974638,0.4363998193,Modern,0.2,NA,NA,NA,NA,NA
REP_1.avi,0,5_min,DEL_1,DEL,1,240,256.19,0,15,2,0.28,0.9915254237,2.797223007,2.819211413,45.38948224,312.8897496,45.35859947,204.8538172,15.32850311,0.26442793,Modern,0.2,NA,NA,NA,NA,NA
REP_1.avi,0,General,DEL_1,DEL,1,0,256.19,0,15,2,0.28,0.9946323135,3.814022619,3.833616106,977.1072798,231.5449639,976.8551492,128.4223055,43.14495743,0.7442821846,Modern,0.2,NA,NA,NA,NA,NA
REP_1.avi,1,General,CTR_1,CTR,1,0,256.19,0,15,2,0.28,0.9857756307,3.068534535,3.110029926,786.1220899,393.4588729,785.4194113,251.3839184,48.8054412,0.8325806912,Modern,0.2,NA,NA,NA,NA,NA
REP_1.avi,1,1_min,CTR_1,CTR,1,0,59.99,0,15,2,0.28,0.9936962751,4.056835273,4.081207927,243.3710654,154.6301501,243.289829,119.4329521,36.62344703,0.6247658887,Modern,0.2,NA,NA,NA,NA,NA
REP_1.avi,1,2_min,CTR_1,CTR,1,59.99,119.98,0,15,2,0.28,0.9977090493,3.95522247,3.963850639,237.4112498,124.2899095,237.3840695,102.3329526,38.68545254,0.6599420069,Modern,0.2,NA,NA,NA,NA,NA
REP_1.avi,1,3_min,CTR_1,CTR,1,119.98,179.97,0,15,2,0.28,0.9948453608,3.672104101,3.689908102,220.4171397,186.4572403,220.344141,141.8674345,36.18763938,0.6173313685,Modern,0.2,NA,NA,NA,NA,NA
REP_1.avi,1,4_min,CTR_1,CTR,1,179.97,240,0,15,2,0.28,0.9559244419,1.104177824,1.146596974,66.31596049,1082.22674,65.82841536,611.8406984,17.89096293,0.3052051148,Modern,0.2,NA,NA,NA,NA,NA
REP_1.avi,1,5_min,CTR_1,CTR,1,240,256.19,0,15,2,0.28,0.9894067797,1.178779794,1.189300372,19.12761493,485.3138531,19.09389692,413.857747,10.17794773,0.1736274184,Modern,0.2,NA,NA,NA,NA,NA
REP_1.avi,2,General,COM_1,COM,1,0,256.19,0,15,2,0.28,0.9781266774,3.063870644,3.128472312,784.9272566,488.9992993,783.9464619,223.3856924,32.49497762,0.5861455412,Modern,0.2,NA,NA,NA,NA,NA
REP_1.avi,2,1_min,COM_1,COM,1,0,59.99,0,15,2,0.28,0.9839541547,3.206312664,3.255991398,192.347896,484.1407933,192.1939367,271.4672391,24.69558111,0.4454597545,Modern,0.2,NA,NA,NA,NA,NA
REP_1.avi,2,2_min,COM_1,COM,1,59.99,119.98,0,15,2,0.28,0.979954181,3.089700794,3.149223508,185.4585254,478.6429882,185.2420731,242.4094608,19.40570103,0.3500407129,Modern,0.2,NA,NA,NA,NA,NA
REP_1.avi,2,3_min,COM_1,COM,1,119.98,179.97,0,15,2,0.28,0.9656357388,3.076202553,3.179669265,184.6482968,666.1376142,184.3001369,191.5009729,17.17929238,0.3098806759,Modern,0.2,NA,NA,NA,NA,NA
REP_1.avi,2,4_min,COM_1,COM,1,179.97,240,0,15,2,0.28,0.9816828849,2.979365851,3.031342334,178.9381237,342.4047097,178.724976,185.8898964,23.22375502,0.418910904,Modern,0.2,NA,NA,NA,NA,NA
REP_1.avi,2,5_min,COM_1,COM,1,240,256.19,0,15,2,0.28,0.9830508475,2.714059831,2.757777448,44.04002476,429.286616,43.99094939,228.7968754,15.79050381,0.2848296591,Modern,0.2,NA,NA,NA,NA,NA
REP_1.avi,3,General,IMI_1,IMI,1,0,256.19,0,15,2,0.28,0.4935587762,0.5381411371,0.9907665585,137.8653656,21029.49757,125.2763821,417.2342101,24.16001698,0.4456735168,Modern,0.2,NA,NA,NA,NA,NA
REP_1.avi,3,1_min,IMI_1,IMI,1,0,59.99,0,15,2,0.28,0.4538681948,0.4704268522,0.9621171739,28.22108282,34114.78426,26.19625969,283.8711555,9.693097788,0.1788060407,Modern,0.2,NA,NA,NA,NA,NA
REP_1.avi,3,2_min,IMI_1,IMI,1,59.99,119.98,0,15,2,0.28,0.2313860252,0.2115898842,0.6495827523,12.70063042,41028.50646,9.021982671,573.6740905,2.29105531,0.04226249833,Modern,0.2,NA,NA,NA,NA,NA
REP_1.avi,3,3_min,IMI_1,IMI,1,119.98,179.97,0,15,2,0.28,0.56930126,0.5224644704,0.8254999166,31.36080052,8218.049454,28.20912119,482.578923,8.927926554,0.164691127,Modern,0.2,NA,NA,NA,NA,NA
REP_1.avi,3,4_min,IMI_1,IMI,1,179.97,240,0,15,2,0.28,0.6084716657,0.6556982002,0.9831169111,39.38066405,6160.002543,35.92729911,400.5125979,14.52264907,0.2678955106,Modern,0.2,NA,NA,NA,NA,NA
REP_1.avi,3,5_min,IMI_1,IMI,1,240,256.19,0,15,2,0.28,0.906779661,1.618846899,1.766018811,26.26841777,1010.328826,25.98515027,409.7494131,9.433953852,0.1740256803,Modern,0.2,NA,NA,NA,NA,NA
REP_2.avi,0,General,CTR_2,CTR,2,0,299.99,0.003315422431,15,2,0.28,0.9848345588,3.3683273,3.417454296,1005.622584,332.6384729,1004.816431,185.4434089,39.4389205,0.6803503274,Modern,0.2,NA,NA,NA,NA,NA
REP_2.avi,0,1_min,CTR_2,CTR,2,0,59.99,0.002285714286,15,2,0.28,0.9776247849,3.190124725,3.258899327,190.7246825,356.75471,190.4769312,220.783523,22.88324546,0.3947527808,Modern,0.2,NA,NA,NA,NA,NA
REP_2.avi,0,2_min,CTR_2,CTR,2,59.99,119.98,0.003428571429,15,2,0.28,0.9885189437,3.371937367,3.409200743,201.4788671,340.2954155,201.3666625,180.9458483,22.15987163,0.3822740514,Modern,0.2,NA,NA,NA,NA,NA
REP_2.avi,0,3_min,CTR_2,CTR,2,119.98,179.98,0.001714285714,15,2,0.28,0.9799426934,3.437750018,3.504770317,205.7650333,418.5102321,205.5689525,190.883742,28.83854029,0.4974859879,Modern,0.2,NA,NA,NA,NA,NA
REP_2.avi,0,4_min,CTR_2,CTR,2,179.98,239.97,0.004,15,2,0.28,0.9850574713,3.574364984,3.62591214,213.3290482,326.8936993,213.1718943,167.5435259,25.10296652,0.4330445985,Modern,0.2,NA,NA,NA,NA,NA
REP_2.avi,0,5_min,CTR_2,CTR,2,239.97,299,0.005226480836,15,2,0.28,0.9929783499,3.280262624,3.301861277,192.2881534,223.0947552,192.1951906,169.7896924,23.26610972,0.4013574704,Modern,0.2,NA,NA,NA,NA,NA
REP_2.avi,1,General,DEL_2,DEL,2,0,299.99,0.003201097519,15,2,0.28,0.983115093,3.652277068,3.711838897,1090.647052,335.9818138,1089.717676,192.4612997,46.94740704,0.8756041535,Modern,0.2,NA,NA,NA,NA,NA
REP_2.avi,1,1_min,DEL_2,DEL,2,0,59.99,0.002857142857,15,2,0.28,0.9913892078,3.97305414,4.006015917,237.3965944,264.3028313,237.3049835,157.248099,32.5055663,0.6062530532,Modern,0.2,NA,NA,NA,NA,NA
REP_2.avi,1,2_min,DEL_2,DEL,2,59.99,119.98,0.006857142857,15,2,0.28,0.9901904212,3.975238538,4.012891002,236.2999378,277.0449332,236.1981533,168.2035367,29.20245639,0.5446475901,Modern,0.2,NA,NA,NA,NA,NA
REP_2.avi,1,3_min,DEL_2,DEL,2,119.98,179.98,0.001142857143,15,2,0.28,0.9977103606,4.000568493,4.009246213,239.7267324,201.7692846,239.6966505,176.2726796,27.30708322,0.509297467,Modern,0.2,NA,NA,NA,NA,NA
REP_2.avi,1,4_min,DEL_2,DEL,2,179.98,239.97,0.003428571429,15,2,0.28,0.9896670494,3.717206391,3.75414588,222.1092657,359.6004409,221.9986107,178.6176927,23.70136008,0.4420480412,Modern,0.2,NA,NA,NA,NA,NA
REP_2.avi,1,5_min,DEL_2,DEL,2,239.97,299,0.001742160279,15,2,0.28,0.9464181712,2.617911433,2.755593575,154.1796642,576.7960285,153.5926308,290.5337494,27.20676944,0.5074265401,Modern,0.2,NA,NA,NA,NA,NA
REP_2.avi,2,General,COM_2,COM,2,0,299.99,0,15,2,0.28,0.4788474731,1.003152343,1.98656045,300.9388212,14111.10549,285.3713098,276.0327931,29.83666241,0.5441683183,Modern,0.2,NA,NA,NA,NA,NA
REP_2.avi,2,1_min,COM_2,COM,2,0,59.99,0,15,2,0.28,0.7381360778,1.370964847,1.812259939,82.24660482,4695.912481,80.25065452,345.0915052,21.96816085,0.4006606698,Modern,0.2,NA,NA,NA,NA,NA
REP_2.avi,2,2_min,COM_2,COM,2,59.99,119.98,0,15,2,0.28,0.2525714286,0.3242364923,0.9940510956,19.46264188,24672.50346,15.0706793,303.0590154,5.678874631,0.1035726991,Modern,0.2,NA,NA,NA,NA,NA
REP_2.avi,2,3_min,COM_2,COM,2,119.98,179.98,0,15,2,0.28,0.04628571429,0.09873482537,0.6169553116,5.926663388,29717.02548,1.714117453,387.2729177,1.243333592,0.02267622097,Modern,0.2,NA,NA,NA,NA,NA
REP_2.avi,2,4_min,COM_2,COM,2,179.98,239.97,0,15,2,0.28,0.396,0.5679643955,1.244528622,34.09266969,10977.08169,29.58284748,348.0563342,13.95030322,0.2544290288,Modern,0.2,NA,NA,NA,NA,NA
REP_2.avi,2,5_min,COM_2,COM,2,239.97,299,0,15,2,0.28,0.9605110337,2.667615858,2.769115577,157.5644683,469.4705186,157.1008152,183.4412695,22.89327684,0.4175331605,Modern,0.2,NA,NA,NA,NA,NA
REP_2.avi,3,General,IMI_2,IMI,2,0,299.99,0,15,2,0.28,0.3132860736,0.5229498261,1.544448579,156.8813603,62501.25068,145.1529501,350.7120864,34.58707727,0.6238829076,Modern,0.2,NA,NA,NA,NA,NA
REP_2.avi,3,1_min,IMI_2,IMI,2,0,59.99,0,15,2,0.28,0,0.02162847575,nan,1.297530496,154967.3809,0,nan,0.2357373865,0.004252239211,Modern,0.2,NA,NA,NA,NA,NA
REP_2.avi,3,2_min,IMI_2,IMI,2,59.99,119.98,0,15,2,0.28,0.01085714286,0.04807865212,0.3586874016,2.885972464,101802.0652,0.2337607406,275.7885785,0.7345198002,0.01324929381,Modern,0.2,NA,NA,NA,NA,NA
REP_2.avi,3,3_min,IMI_2,IMI,2,119.98,179.98,0,15,2,0.28,0.056,0.08122345628,0.3914964486,4.875524748,46257.90216,1.315999587,466.0393209,1.232744915,0.02223629583,Modern,0.2,NA,NA,NA,NA,NA
REP_2.avi,3,4_min,IMI_2,IMI,2,179.98,239.97,0,15,2,0.28,0.8291428571,1.576317913,1.876056545,94.62016696,5831.397191,93.37168302,277.1874341,25.8937735,0.4670727907,Modern,0.2,NA,NA,NA,NA,NA
REP_2.avi,3,5_min,IMI_2,IMI,2,239.97,299,0,15,2,0.28,0.6736353078,0.8966306055,1.258180025,52.96007075,3714.877734,50.06135794,436.627638,20.31409805,0.3664264101,Modern,0.2,NA,NA,NA,NA,NA
REP_3.avi,0,General,COM_3,COM,3,0,300,0,0,0,0.28,0.8764199656,2.608829506,2.954763632,782.6488517,3264.886321,776.8841523,1101.508443,45.93089406,0.8011528778,Modern,0.2,NA,NA,NA,NA,NA
REP_3.avi,0,1_min,COM_3,COM,3,0,60,0,0,0,0.28,0.9030407344,1.841979594,2.02131563,110.5187757,2863.885185,109.519821,1295.6872,26.86904638,0.4686652474,Modern,0.2,NA,NA,NA,NA,NA
REP_3.avi,0,2_min,COM_3,COM,3,60,120,0,0,0,0.28,0.6032110092,0.7371875548,1.118224917,44.2566298,9615.487685,40.4947543,2130.039985,8.1722294,0.142544691,Modern,0.2,NA,NA,NA,NA,NA
REP_3.avi,0,3_min,COM_3,COM,3,120,180,0,0,0,0.28,0.9552752294,3.049736829,3.185148508,183.0891921,1454.541971,182.6663482,872.9871371,30.77348167,0.5367686371,Modern,0.2,NA,NA,NA,NA,NA
REP_3.avi,0,4_min,COM_3,COM,3,180,240,0,0,0,0.28,0.9655963303,3.857824084,3.991383277,231.6022445,1090.957592,231.3765728,804.087532,25.86145017,0.4510901792,Modern,0.2,NA,NA,NA,NA,NA
REP_3.avi,0,5_min,COM_3,COM,3,240,298.97,0,0,0,0.28,0.9539089848,3.542555706,3.707242178,209.016884,1247.322697,208.6520124,808.1838593,26.30338811,0.458798713,Modern,0.2,NA,NA,NA,NA,NA
REP_3.avi,1,General,IMI_3,IMI,3,0,300,0,0,0,0.28,0.9889845095,4.337459957,4.38363959,1301.237987,669.349439,1300.605495,507.0399367,48.94922428,0.8350335124,Modern,0.2,NA,NA,NA,NA,NA
REP_3.avi,1,1_min,IMI_3,IMI,3,0,60,0,0,0,0.28,0.9885255307,4.332452415,4.380639243,259.9471449,720.447752,259.8224239,511.0169802,36.28851046,0.6190521462,Modern,0.2,NA,NA,NA,NA,NA
REP_3.avi,1,2_min,IMI_3,IMI,3,60,120,0,0,0,0.28,0.9931192661,4.687608647,4.718754105,281.4178823,564.7199266,281.3384547,468.2128544,24.63929393,0.4203260921,Modern,0.2,NA,NA,NA,NA,NA
REP_3.avi,1,3_min,IMI_3,IMI,3,120,180,0,0,0,0.28,0.9948394495,5.091065196,5.116600155,305.6391636,563.0461241,305.5869628,397.1938281,34.04816934,0.5808337691,Modern,0.2,NA,NA,NA,NA,NA
REP_3.avi,1,4_min,IMI_3,IMI,3,180,240,0,0,0,0.28,0.9879587156,3.963703636,4.009578169,237.9586623,708.3376704,237.8142232,562.0170933,30.31092368,0.5170794315,Modern,0.2,NA,NA,NA,NA,NA
REP_3.avi,1,5_min,IMI_3,IMI,3,240,298.97,0,0,0,0.28,0.9807467911,3.619292058,3.686478,213.5444608,783.877283,213.3208096,594.1597302,29.40754235,0.5016684889,Modern,0.2,NA,NA,NA,NA,NA
REP_3.avi,2,General,DEL_3,DEL,3,0,300,0,0,0,0.28,0.03075157774,0.1199698131,0.3312130236,35.99094394,37996.66309,3.055596913,7752.500756,0.4174167908,0.007360094335,Modern,0.2,NA,NA,NA,NA,NA
REP_3.avi,2,1_min,DEL_3,DEL,3,0,60,0,0,0,0.28,0.04532415376,0.1383936054,0.3234524818,8.303616323,30134.42259,0.879612601,7337.208601,0.2730764052,0.004815014986,Modern,0.2,NA,NA,NA,NA,NA
REP_3.avi,2,2_min,DEL_3,DEL,3,60,120,0,0,0,0.28,0.03841743119,0.1266951992,0.3245300082,7.606073233,31968.36001,0.7484857332,7944.971691,0.2686180149,0.004736402496,Modern,0.2,NA,NA,NA,NA,NA
REP_3.avi,2,3_min,DEL_3,DEL,3,120,180,0,0,0,0.28,0.01548165138,0.1102358881,0.3306407133,6.617947981,39351.12319,0.307308064,7213.522646,0.2624877283,0.004628310323,Modern,0.2,NA,NA,NA,NA,NA
REP_3.avi,2,4_min,DEL_3,DEL,3,180,240,0,0,0,0.28,0.03096330275,0.110364341,0.3494578746,6.625659575,47918.06151,0.6495946722,6844.651859,0.3862080588,0.006809806908,Modern,0.2,NA,NA,NA,NA,NA
REP_3.avi,2,5_min,DEL_3,DEL,3,240,298.97,0,0,0,0.28,0.0227537923,0.113823962,0.3355078822,6.715809666,40827.35366,0.4504236629,9671.77571,0.281435887,0.004962413403,Modern,0.2,NA,NA,NA,NA,NA
REP_3.avi,3,General,CTR_3,CTR,3,0,300,0,0,0,0.28,0.851979346,3.69611903,4.314016753,1108.835709,4364.435347,1102.635952,422.8112102,44.38104613,0.8277396086,Modern,0.2,NA,NA,NA,NA,NA
REP_3.avi,3,1_min,CTR_3,CTR,3,0,60,0,0,0,0.28,0.2960413081,0.2420077382,0.4885133426,14.52046429,20433.11051,8.677207737,2825.429459,4.638397797,0.08650957811,Modern,0.2,NA,NA,NA,NA,NA
REP_3.avi,3,2_min,CTR_3,CTR,3,60,120,0,0,0,0.28,0.9759174312,3.626196653,3.711116769,217.6966252,566.3288833,217.4292854,289.4944458,27.47092907,0.5123533141,Modern,0.2,NA,NA,NA,NA,NA
REP_3.avi,3,3_min,CTR_3,CTR,3,120,180,0,0,0,0.28,0.994266055,3.761387643,3.782217398,225.8127384,373.4655858,225.7612726,292.6601696,29.85170948,0.5567566444,Modern,0.2,NA,NA,NA,NA,NA
REP_3.avi,3,4_min,CTR_3,CTR,3,180,240,0,0,0,0.28,0.994266055,4.814042748,4.841115594,289.0082807,256.8067717,288.9671063,222.7448148,33.84531258,0.6312403206,Modern,0.2,NA,NA,NA,NA,NA
REP_3.avi,3,5_min,CTR_3,CTR,3,240,298.97,0,0,0,0.28,0.9988331389,6.031465395,6.038477325,355.8668395,190.2533791,355.8648255,171.2604524,33.86258884,0.6315625357,Modern,0.2,NA,NA,NA,NA,NA
REP_4.avi,0,General,IMI_4,IMI,4,0,299.99,0,15,2,0.28,0.9001492023,1.295556686,1.419678829,388.6580845,1368.551839,383.3680298,322.4801389,47.40717854,0.8359062546,Modern,0.2,NA,NA,NA,NA,NA
REP_4.avi,0,1_min,IMI_4,IMI,4,0,59.98,0,15,2,0.28,0.7893226177,0.722783082,0.8687448549,43.35105801,2475.279985,41.12808757,477.2539375,12.899795,0.227455412,Modern,0.2,NA,NA,NA,NA,NA
REP_4.avi,0,2_min,IMI_4,IMI,4,59.98,119.99,0,15,2,0.28,0.9019495413,1.206535494,1.318894482,72.44862626,1554.435308,71.4302789,348.7203143,24.66715887,0.4349432516,Modern,0.2,NA,NA,NA,NA,NA
REP_4.avi,0,3_min,IMI_4,IMI,4,119.99,179.97,0,15,2,0.28,0.9397590361,1.477333905,1.560834028,88.65834584,923.1555471,88.02665395,235.0346347,29.74359352,0.5244533975,Modern,0.2,NA,NA,NA,NA,NA
REP_4.avi,0,4_min,IMI_4,IMI,4,179.97,239.98,0,15,2,0.28,0.9122706422,1.264734437,1.369255171,75.94328804,1201.483566,75.00636884,351.1484836,26.2599188,0.4630275635,Modern,0.2,NA,NA,NA,NA,NA
REP_4.avi,0,5_min,IMI_4,IMI,4,239.98,298.99,0,15,2,0.28,0.956851312,1.806338762,1.879296895,106.6613062,695.5313212,106.1811804,229.0060916,30.08521767,0.5304770795,Modern,0.2,NA,NA,NA,NA,NA
REP_4.avi,1,General,COM_4,COM,4,0,299.99,0,15,2,0.28,0.9842763686,4.073333447,4.135682883,1221.971985,322.6743794,1221.168448,171.0864498,46.07690634,0.812450253,Modern,0.2,NA,NA,NA,NA,NA
REP_4.avi,1,1_min,COM_4,COM,4,0,59.98,0,15,2,0.28,0.9414466131,2.511250458,2.657145506,150.6196908,809.8647832,150.038515,305.5814407,22.18662198,0.3912052277,Modern,0.2,NA,NA,NA,NA,NA
REP_4.avi,1,2_min,COM_4,COM,4,59.98,119.99,0,15,2,0.28,0.997706422,4.942210341,4.953118157,296.764042,123.3575784,296.736868,105.1610384,32.24642236,0.5685844839,Modern,0.2,NA,NA,NA,NA,NA
REP_4.avi,1,3_min,COM_4,COM,4,119.99,179.97,0,15,2,0.28,0.9977051061,4.893428679,4.904254861,293.6663747,134.5038753,293.6406557,107.8724668,25.9422585,0.4574264236,Modern,0.2,NA,NA,NA,NA,NA
REP_4.avi,1,4_min,COM_4,COM,4,179.97,239.98,0,15,2,0.28,0.9913990826,3.831992833,3.863624381,230.099005,307.7448761,230.0029801,188.1635123,32.1834476,0.5674740824,Modern,0.2,NA,NA,NA,NA,NA
REP_4.avi,1,5_min,COM_4,COM,4,239.98,298.99,0,15,2,0.28,0.9930029155,4.190683765,4.218960411,247.4529216,238.9095073,247.3794787,155.7024786,26.45831717,0.4665258193,Modern,0.2,NA,NA,NA,NA,NA
REP_4.avi,2,General,DEL_4,DEL,4,0,299.99,0,15,2,0.28,0.9879490417,4.449129453,4.501159813,1334.708199,267.6394104,1334.044335,149.4845023,48.76865948,0.9095718696,Modern,0.2,NA,NA,NA,NA,NA
REP_4.avi,2,1_min,DEL_4,DEL,4,0,59.98,0,15,2,0.28,0.9735935706,4.373568042,4.48760558,262.3177086,412.3061615,262.0499609,170.3567395,36.43452274,0.679531021,Modern,0.2,NA,NA,NA,NA,NA
REP_4.avi,2,2_min,DEL_4,DEL,4,59.98,119.99,0,15,2,0.28,0.9873853211,4.401364389,4.455172798,264.2879595,331.3033451,264.1443175,162.4345191,42.90308975,0.8001746198,Modern,0.2,NA,NA,NA,NA,NA
REP_4.avi,2,3_min,DEL_4,DEL,4,119.99,179.97,0,15,2,0.28,0.9994262765,4.995727849,4.998458387,299.8055929,96.61935936,299.7973595,96.21693322,39.25166811,0.732072883,Modern,0.2,NA,NA,NA,NA,NA
REP_4.avi,2,4_min,DEL_4,DEL,4,179.97,239.98,0,15,2,0.28,0.9931192661,4.394832634,4.423747043,263.8957483,225.656873,263.8042239,166.2603941,38.67319197,0.7212838716,Modern,0.2,NA,NA,NA,NA,NA
REP_4.avi,2,5_min,DEL_4,DEL,4,239.98,298.99,0,15,2,0.28,0.9860058309,4.102476367,4.158078934,242.2444212,268.2029452,242.0917049,146.9177965,31.08668359,0.5797898326,Modern,0.2,NA,NA,NA,NA,NA
REP_4.avi,3,General,CTR_4,CTR,4,0,299.99,0,15,2,0.28,0.9916217147,3.659057607,3.688370635,1097.692085,221.5080416,1097.215338,105.579105,42.64840421,0.7867239625,Modern,0.2,NA,NA,NA,NA,NA
REP_4.avi,3,1_min,CTR_4,CTR,4,0,59.98,0,15,2,0.28,0.9954075775,3.982091272,3.999487835,238.8377288,159.0970604,238.7795037,125.3593348,18.60096159,0.3431270753,Modern,0.2,NA,NA,NA,NA,NA
REP_4.avi,3,2_min,CTR_4,CTR,4,59.98,119.99,0,15,2,0.28,0.998853211,4.426809137,4.431600683,265.8158358,86.51772379,265.7983883,78.26230712,28.76107576,0.5305480452,Modern,0.2,NA,NA,NA,NA,NA
REP_4.avi,3,3_min,CTR_4,CTR,4,119.99,179.97,0,15,2,0.28,0.9982788296,3.791669422,3.797955996,227.547163,122.3302117,227.5321386,85.84075813,21.63433888,0.3990829932,Modern,0.2,NA,NA,NA,NA,NA
REP_4.avi,3,4_min,CTR_4,CTR,4,179.97,239.98,0,15,2,0.28,0.9845183486,2.808153009,2.849227785,168.6206737,351.9449797,168.4383731,111.6441006,15.18360543,0.2800879998,Modern,0.2,NA,NA,NA,NA,NA
REP_4.avi,3,5_min,CTR_4,CTR,4,239.98,298.99,0,15,2,0.28,0.9807580175,3.258615758,3.319029921,192.4158527,393.6801934,192.2121032,129.4490794,31.36366109,0.5785572564,Modern,0.2,NA,NA,NA,NA,NA
REP_5.avi,0,General,CTR_5,CTR,5,0,299.97,0.1350760018,15,2,0.28,0.7199785321,2.624157098,3.615589351,675.6665118,26164.5596,670.2567697,310.7166652,44.50699566,0.7936911778,Modern,0.2,NA,NA,NA,NA,NA
REP_5.avi,0,1_min,CTR_5,CTR,5,0,59.97,0,15,2,0.28,0.9867511521,3.733230664,3.78044715,223.8958209,380.262891,223.7236913,241.1017076,29.90799666,0.5333479095,Modern,0.2,NA,NA,NA,NA,NA
REP_5.avi,0,2_min,CTR_5,CTR,5,59.97,119.98,0,15,2,0.28,0.9689298044,2.812233047,2.897811493,168.8544544,1192.221719,168.586836,287.478576,19.59295342,0.3494002246,Modern,0.2,NA,NA,NA,NA,NA
REP_5.avi,0,3_min,CTR_5,CTR,5,119.98,179.99,0.01093210587,15,2,0.28,0.8794408853,3.154405195,3.571822053,187.1109556,7140.727182,186.3280349,314.1101449,30.83924293,0.5499547808,Modern,0.2,NA,NA,NA,NA,NA
REP_5.avi,0,4_min,CTR_5,CTR,5,179.99,240,0.329689298,15,2,0.28,0.2416520211,1.815878754,7.300134548,71.39052103,59368.44846,69.35455678,487.058934,11.63639865,0.2075113545,Modern,0.2,NA,NA,NA,NA,NA
REP_5.avi,0,5_min,CTR_5,CTR,5,240,298.97,0.3354800937,15,2,0.28,0.1618444846,0.6482315917,3.663064327,24.76833208,102203.0177,22.6521286,847.734079,3.212827502,0.057294203,Modern,0.2,NA,NA,NA,NA,NA
REP_5.avi,1,General,IMI_5,IMI,5,0,299.97,0.00356978351,15,2,0.28,0.6525109928,1.592713731,2.394321102,475.5141321,13447.06702,466.4401538,383.5268097,45.61323375,0.8134186701,Modern,0.2,NA,NA,NA,NA,NA
REP_5.avi,1,1_min,IMI_5,IMI,5,0,59.97,0.01554404145,15,2,0.28,0.9800352319,3.521549527,3.589615728,207.1857543,436.5348827,206.9739739,210.6887929,38.56284681,0.6876894485,Modern,0.2,NA,NA,NA,NA,NA
REP_5.avi,1,2_min,IMI_5,IMI,5,59.97,119.98,0.002301495972,15,2,0.28,0.9947976879,3.158936011,3.174476477,188.7984281,165.022081,188.7402065,116.2991725,37.9236251,0.6762902376,Modern,0.2,NA,NA,NA,NA,NA
REP_5.avi,1,3_min,IMI_5,IMI,5,119.98,179.99,0,15,2,0.28,0.5667433832,0.6448628539,1.040323364,38.71939612,7781.028195,35.40104035,630.9598919,14.41118931,0.2569940668,Modern,0.2,NA,NA,NA,NA,NA
REP_5.avi,1,4_min,IMI_5,IMI,5,179.99,240,0,15,2,0.28,0.3377445339,0.3032539902,0.7676508898,18.20823032,38530.31712,15.56730022,783.1475797,1.142462512,0.02037348068,Modern,0.2,NA,NA,NA,NA,NA
REP_5.avi,1,5_min,IMI_5,IMI,5,240,298.97,0,15,2,0.28,0.3817330211,0.3652242846,0.8304611472,21.55057963,20226.26162,18.70588917,807.8788161,1.692516414,0.03018256626,Modern,0.2,NA,NA,NA,NA,NA
REP_5.avi,2,General,DEL_5,DEL,5,0,299.97,0,15,2,0.28,0.9845675458,2.931944478,2.975160293,879.5023113,426.1772451,878.6929228,198.8243297,42.66512317,0.7522920454,Modern,0.2,NA,NA,NA,NA,NA
REP_5.avi,2,1_min,DEL_5,DEL,5,0,59.97,0,15,2,0.28,0.9873271889,2.874006223,2.908539578,172.3649141,472.8491582,172.2254141,208.9016733,23.63336962,0.4167149806,Modern,0.2,NA,NA,NA,NA,NA
REP_5.avi,2,2_min,DEL_5,DEL,5,59.97,119.98,0,15,2,0.28,0.9798619102,2.824085668,2.878145271,169.5661194,375.6124679,169.3319076,184.0060505,18.99608643,0.3349481649,Modern,0.2,NA,NA,NA,NA,NA
REP_5.avi,2,3_min,DEL_5,DEL,5,119.98,179.99,0,15,2,0.28,0.9833141542,3.086181727,3.135614118,185.3031107,440.8120721,185.129708,167.0203934,26.00913435,0.458605611,Modern,0.2,NA,NA,NA,NA,NA
REP_5.avi,2,4_min,DEL_5,DEL,5,179.99,240,0,15,2,0.28,0.9896432681,2.925677669,2.954486615,175.6659915,351.612599,175.558522,210.6952216,30.86877977,0.5442932246,Modern,0.2,NA,NA,NA,NA,NA
REP_5.avi,2,5_min,DEL_5,DEL,5,240,298.97,0,15,2,0.28,0.9824355972,2.940028737,2.989921402,173.4805874,488.8703584,173.3257829,218.0378033,29.69009283,0.5235100477,Modern,0.2,NA,NA,NA,NA,NA
REP_5.avi,3,General,COM_5,COM,5,0,299.97,0,15,2,0.28,0.8645629391,1.331289486,1.514221086,399.3500522,1958.741865,392.7056483,391.7305445,42.63224254,0.7690018798,Modern,0.2,NA,NA,NA,NA,NA
REP_5.avi,3,1_min,COM_5,COM,5,0,59.97,0,15,2,0.28,0.7713133641,0.9928687297,1.243980076,59.54605523,3026.102587,57.54471504,355.3961039,19.32099162,0.3485127215,Modern,0.2,NA,NA,NA,NA,NA
REP_5.avi,3,2_min,COM_5,COM,5,59.97,119.98,0,15,2,0.28,0.8722669735,1.157750901,1.300177063,69.51465025,1211.398906,68.09467378,390.5830524,22.14761106,0.3994993818,Modern,0.2,NA,NA,NA,NA,NA
REP_5.avi,3,3_min,COM_5,COM,5,119.98,179.99,0,15,2,0.28,0.9027617952,1.550927649,1.699320631,93.12209819,1240.357726,92.11062219,315.3379419,23.48958654,0.4237059823,Modern,0.2,NA,NA,NA,NA,NA
REP_5.avi,3,4_min,COM_5,COM,5,179.99,240,0,15,2,0.28,0.913693901,2.140462948,2.326339516,128.5194709,1457.492605,127.6247893,310.7560785,33.66474778,0.607245896,Modern,0.2,NA,NA,NA,NA,NA
REP_5.avi,3,5_min,COM_5,COM,5,240,298.97,0,15,2,0.28,0.8606557377,0.8013067013,0.9051102045,47.28224438,2890.103697,45.96531475,584.6959793,4.961073794,0.08948802236,Modern,0.2,NA,NA,NA,NA,NA
REP_6.avi,0,General,CTR_6,CTR,6,0,299.97,0,15,2,0.28,0.9939275894,5.136701968,5.166966458,1540.869356,225.0319164,1540.535951,143.3687763,54.20455184,0.9047636766,Modern,0.2,NA,NA,NA,NA,NA
REP_6.avi,0,1_min,CTR_6,CTR,6,0,59.97,0,15,2,0.28,0.9891117479,3.578101166,3.615355116,214.5926084,342.4014419,214.4660067,176.6313294,32.44704993,0.5415949619,Modern,0.2,NA,NA,NA,NA,NA
REP_6.avi,0,2_min,CTR_6,CTR,6,59.97,119.98,0,15,2,0.28,0.9868345736,5.268648102,5.336588892,316.3434229,300.0959356,316.2042635,139.3565805,37.72244024,0.6296499567,Modern,0.2,NA,NA,NA,NA,NA
REP_6.avi,0,3_min,CTR_6,CTR,6,119.98,179.99,0,15,2,0.28,0.9988551803,5.904082885,5.910672904,354.4965906,124.4490885,354.4859849,104.6642118,39.35811217,0.6569520284,Modern,0.2,NA,NA,NA,NA,NA
REP_6.avi,0,4_min,CTR_6,CTR,6,179.99,240,0,15,2,0.28,0.9971379508,5.290442852,5.305139532,317.6520368,201.4649994,317.6228026,158.2534809,29.71962967,0.496069804,Modern,0.2,NA,NA,NA,NA,NA
REP_6.avi,0,5_min,CTR_6,CTR,6,240,298.98,0,15,2,0.28,0.9976703553,5.640687791,5.653387012,332.8657182,158.8175004,332.8379142,140.0747839,41.07124864,0.6855471112,Modern,0.2,NA,NA,NA,NA,NA
REP_6.avi,1,General,DEL_6,DEL,6,0,299.97,0,15,2,0.28,0.9966773602,4.867206628,4.882842925,1460.028163,140.0001462,1459.85189,94.26994308,51.40969843,0.9167867543,Modern,0.2,NA,NA,NA,NA,NA
REP_6.avi,1,1_min,DEL_6,DEL,6,0,59.97,0,15,2,0.28,0.9982808023,5.018694646,5.027044151,300.9905883,96.90854586,300.9730173,71.76969452,37.5078802,0.6688762783,Modern,0.2,NA,NA,NA,NA,NA
REP_6.avi,1,2_min,DEL_6,DEL,6,59.97,119.98,0,15,2,0.28,0.9971379508,5.148614852,5.162841461,309.1363124,159.3829159,309.1033072,114.075296,36.49582561,0.6508283559,Modern,0.2,NA,NA,NA,NA,NA
REP_6.avi,1,3_min,DEL_6,DEL,6,119.98,179.99,0,15,2,0.28,0.9942759015,4.781541528,4.808148856,287.0962692,171.5060072,287.0413309,101.5001131,34.02309089,0.6067321931,Modern,0.2,NA,NA,NA,NA,NA
REP_6.avi,1,4_min,DEL_6,DEL,6,179.99,240,0,15,2,0.28,0.9971379508,4.750690728,4.763855534,285.2439064,151.1664487,285.2157115,92.1800768,34.51072733,0.6154281909,Modern,0.2,NA,NA,NA,NA,NA
REP_6.avi,1,5_min,DEL_6,DEL,6,240,298.98,0,15,2,0.28,0.9965055329,4.62733026,4.642833214,273.0659217,120.7693649,273.0233582,91.25969203,29.07985066,0.5185796206,Modern,0.2,NA,NA,NA,NA,NA
REP_6.avi,2,General,IMI_6,IMI,6,0,299.97,0,15,2,0.28,0.9877406049,2.658599466,2.68958057,797.5067412,410.7144097,796.9093378,166.7054976,43.29932919,0.7469452109,Modern,0.2,NA,NA,NA,NA,NA
REP_6.avi,2,1_min,IMI_6,IMI,6,0,59.97,0,15,2,0.28,0.9954154728,3.422725609,3.437688174,205.2741335,221.833628,205.2262977,170.917831,22.1749187,0.3825336243,Modern,0.2,NA,NA,NA,NA,NA
REP_6.avi,2,2_min,IMI_6,IMI,6,59.97,119.98,0,15,2,0.28,0.9902690326,3.053850554,3.082051214,183.3611808,299.2143888,183.2536637,159.2908816,18.35853661,0.316698232,Modern,0.2,NA,NA,NA,NA,NA
REP_6.avi,2,3_min,IMI_6,IMI,6,119.98,179.99,0,15,2,0.28,0.9748139668,2.610520938,2.674359007,156.7425103,1050.278995,156.5312548,215.6803485,15.62665796,0.2695713201,Modern,0.2,NA,NA,NA,NA,NA
REP_6.avi,2,4_min,IMI_6,IMI,6,179.99,240,0,15,2,0.28,0.9942759015,2.125402134,2.13661957,127.6147074,214.3369321,127.5538972,151.7902374,30.83812833,0.5319803494,Modern,0.2,NA,NA,NA,NA,NA
REP_6.avi,2,5_min,IMI_6,IMI,6,240,298.98,0,15,2,0.28,0.9836924869,2.066285022,2.09761131,121.9346777,270.600518,121.7646929,137.9262164,29.22140455,0.5040906775,Modern,0.2,NA,NA,NA,NA,NA
REP_6.avi,3,General,COM_6,COM,6,0,299.97,0,15,2,0.28,0.9704399633,2.404662315,2.472743583,721.3325777,849.82868,719.8287788,234.8557814,48.83219154,0.8808367763,Modern,0.2,NA,NA,NA,NA,NA
REP_6.avi,3,1_min,COM_6,COM,6,0,59.97,0,15,2,0.28,0.9157593123,2.004756119,2.173744483,120.2330021,1908.084827,119.3856091,321.754844,27.72394272,0.5000854469,Modern,0.2,NA,NA,NA,NA,NA
REP_6.avi,3,2_min,COM_6,COM,6,59.97,119.98,0,15,2,0.28,0.9793932456,2.334710062,2.380242959,140.1821033,958.0544767,139.9709824,260.8917624,25.89878919,0.4671632639,Modern,0.2,NA,NA,NA,NA,NA
REP_6.avi,3,3_min,COM_6,COM,6,119.98,179.99,0,15,2,0.28,0.9942759015,2.574583505,2.588368432,154.5847327,241.4679913,154.5228199,188.4404896,32.07644623,0.5785960574,Modern,0.2,NA,NA,NA,NA,NA
REP_6.avi,3,4_min,COM_6,COM,6,179.99,240,0,15,2,0.28,0.9725243274,2.478742892,2.544224804,148.8302115,870.7217457,148.5646804,223.5859452,31.97446056,0.5767564362,Modern,0.2,NA,NA,NA,NA,NA
REP_6.avi,3,5_min,COM_6,COM,6,240,298.98,0,15,2,0.28,0.9900990099,2.636157038,2.660501723,155.5637075,271.9045776,155.4458664,186.1138343,29.91524154,0.5396121717,Modern,0.2,NA,NA,NA,NA,NA
REP_7.avi,0,General,CTR_7,CTR,7,0,299.98,0,15,2,0.28,0.986171929,4.539647224,4.600597021,1361.78432,268.5170117,1360.984109,167.4138626,50.5018587,0.8615201787,Modern,0.2,NA,NA,NA,NA,NA
REP_7.avi,0,1_min,CTR_7,CTR,7,0,59.97,0,15,2,0.28,0.9475504323,2.988851973,3.143696716,179.254664,585.6679307,178.6524733,254.9767289,38.2463011,0.6524504445,Modern,0.2,NA,NA,NA,NA,NA
REP_7.avi,0,2_min,CTR_7,CTR,7,59.97,119.98,0,15,2,0.28,0.9930915371,4.54597817,4.576226993,272.9566899,220.9879026,272.8746781,149.0115394,34.35524097,0.5860721586,Modern,0.2,NA,NA,NA,NA,NA
REP_7.avi,0,3_min,CTR_7,CTR,7,119.98,179.99,0,15,2,0.28,0.9971214738,5.156872332,5.171149846,309.636947,154.5699202,309.600454,135.7181874,28.86194684,0.4923610781,Modern,0.2,NA,NA,NA,NA,NA
REP_7.avi,0,4_min,CTR_7,CTR,7,179.99,239.97,0,15,2,0.28,0.9971198157,5.001021423,5.014909604,300.1062322,177.7552479,300.0728862,145.6274969,40.37016677,0.6886818463,Modern,0.2,NA,NA,NA,NA,NA
REP_7.avi,0,5_min,CTR_7,CTR,7,239.97,298.97,0,15,2,0.28,0.9959016393,5.015670576,5.035525989,296.1307112,204.0601303,296.0845417,155.5152766,21.67780818,0.3698055806,Modern,0.2,NA,NA,NA,NA,NA
REP_7.avi,1,General,IMI_7,IMI,7,0,299.98,0.02845949994,15,2,0.28,0.8092801904,2.171549416,2.648502823,630.9195907,2519.683615,622.7355318,259.2274318,49.73724477,0.8391582748,Modern,0.2,NA,NA,NA,NA,NA
REP_7.avi,1,1_min,IMI_7,IMI,7,0,59.97,0.009216589862,15,2,0.28,0.5550378567,0.632217357,1.026626322,37.52349552,5802.612439,33.81986536,495.2807493,12.0744355,0.2037178077,Modern,0.2,NA,NA,NA,NA,NA
REP_7.avi,1,2_min,IMI_7,IMI,7,59.97,119.98,0,15,2,0.28,0.5751295337,0.6066894006,0.941226944,36.42778834,5012.999687,32.50322227,346.3892536,10.39808075,0.1754346375,Modern,0.2,NA,NA,NA,NA,NA
REP_7.avi,1,3_min,IMI_7,IMI,7,119.98,179.99,0.03223949338,15,2,0.28,0.9779367919,2.909609878,2.971595818,168.6686635,506.3779731,168.4613067,196.8503894,35.54395928,0.5996915931,Modern,0.2,NA,NA,NA,NA,NA
REP_7.avi,1,4_min,IMI_7,IMI,7,179.99,239.97,0.05760368664,15,2,0.28,0.9969192853,3.666143297,3.676771703,205.6811701,163.7636925,205.6419723,145.3254496,26.93703683,0.4544770716,Modern,0.2,NA,NA,NA,NA,NA
REP_7.avi,1,5_min,IMI_7,IMI,7,239.97,298.97,0.04449648712,15,2,0.28,0.9636923077,3.238180719,3.354502854,181.8951111,827.7028886,181.587731,242.9408056,31.95829889,0.5391949451,Modern,0.2,NA,NA,NA,NA,NA
REP_7.avi,2,General,DEL_7,DEL,7,0,299.98,0,15,2,0.28,0.97856649,2.302076302,2.348764851,690.5671868,705.6935622,689.4711575,244.5458171,44.61789812,0.7611446499,Modern,0.2,NA,NA,NA,NA,NA
REP_7.avi,2,1_min,DEL_7,DEL,7,0,59.97,0,15,2,0.28,0.9706051873,2.401515664,2.469774921,144.0295094,1250.642115,143.7692615,243.7234032,29.71071289,0.5068403289,Modern,0.2,NA,NA,NA,NA,NA
REP_7.avi,2,2_min,DEL_7,DEL,7,59.97,119.98,0,15,2,0.28,0.9884858952,2.581682579,2.609379677,155.0133997,300.8874065,154.872443,199.4864184,20.46456873,0.3491087132,Modern,0.2,NA,NA,NA,NA,NA
REP_7.avi,2,3_min,DEL_7,DEL,7,119.98,179.99,0,15,2,0.28,0.9838802533,2.335281308,2.370231316,140.2185914,414.6101902,140.0229983,261.4199586,15.52578688,0.2648571564,Modern,0.2,NA,NA,NA,NA,NA
REP_7.avi,2,4_min,DEL_7,DEL,7,179.99,239.97,0,15,2,0.28,0.9786866359,2.274268149,2.319711877,136.476529,525.8933806,136.2366649,252.3946552,18.88685586,0.3221942292,Modern,0.2,NA,NA,NA,NA,NA
REP_7.avi,2,5_min,DEL_7,DEL,7,239.97,298.97,0,15,2,0.28,0.9736533958,1.914116261,1.962031315,113.0115308,1025.803057,112.7884848,257.7087573,32.45039372,0.5535770309,Modern,0.2,NA,NA,NA,NA,NA
REP_7.avi,3,General,COM_7,COM,7,0,299.98,0,15,2,0.28,0.4317815165,0.4028948074,0.8377225282,120.8586933,30642.82182,108.5051787,214.4811173,28.56936497,0.5037488331,Modern,0.2,NA,NA,NA,NA,NA
REP_7.avi,3,1_min,COM_7,COM,7,0,59.97,0,15,2,0.28,0,0.03325462257,nan,1.994426705,91231.47157,0,nan,0.427448169,0.007536972436,Modern,0.2,NA,NA,NA,NA,NA
REP_7.avi,3,2_min,COM_7,COM,7,59.97,119.98,0,15,2,0.28,0.01266551526,0.0554203889,0.4041911675,3.327637164,52719.86019,0.3073803341,201.6212029,0.9730436806,0.01715717585,Modern,0.2,NA,NA,NA,NA,NA
REP_7.avi,3,3_min,COM_7,COM,7,119.98,179.99,0,15,2,0.28,0.4248704663,0.3045397608,0.5397070249,18.28564985,6944.250961,13.7683219,273.8873342,8.318241682,0.1466712524,Modern,0.2,NA,NA,NA,NA,NA
REP_7.avi,3,4_min,COM_7,COM,7,179.99,239.97,0,15,2,0.28,0.8646313364,0.8523184474,0.9605944642,51.14676708,1367.087873,49.8410692,180.1607284,18.62938382,0.3284822876,Modern,0.2,NA,NA,NA,NA,NA
REP_7.avi,3,5_min,COM_7,COM,7,239.97,298.97,0,15,2,0.28,0.8548009368,0.7681984258,0.8685623891,45.35528056,976.0089737,43.83494376,214.666521,19.7428668,0.3481157569,Modern,0.2,NA,NA,NA,NA,NA
REP_8.avi,0,General,CTR_8,CTR,8,0,299.98,0,15,2,0.28,0.3491389208,0.4963907215,1.242471375,148.9086683,21392.11294,130.1310643,395.7639652,34.41710114,0.556324262,Modern,0.2,NA,NA,NA,NA,NA
REP_8.avi,0,1_min,CTR_8,CTR,8,0,60,0,15,2,0.28,0.2083811711,0.2341434105,0.8087796723,14.04779821,31073.55948,10.11148686,376.9023703,5.411371214,0.08747038528,Modern,0.2,NA,NA,NA,NA,NA
REP_8.avi,0,2_min,CTR_8,CTR,8,60,119.99,0,15,2,0.28,0.1485943775,0.1485395023,0.6632312797,8.916974427,43980.84788,5.916201186,366.8025689,3.859851393,0.06239133764,Modern,0.2,NA,NA,NA,NA,NA
REP_8.avi,0,3_min,CTR_8,CTR,8,119.99,179.99,0,15,2,0.28,0.2340791738,0.2237206959,0.6521422939,13.43017644,20318.49239,9.163907556,532.0781767,2.550199245,0.04122188291,Modern,0.2,NA,NA,NA,NA,NA
REP_8.avi,0,4_min,CTR_8,CTR,8,179.99,239.99,0,15,2,0.28,0.7733792312,1.478875521,1.86469989,88.7783721,2953.610326,86.57191154,353.9076882,27.54003412,0.445162104,Modern,0.2,NA,NA,NA,NA,NA
REP_8.avi,0,5_min,CTR_8,CTR,8,239.99,298.98,0,15,2,0.28,0.3850641774,0.3994909748,0.8058887134,23.58283213,8651.966758,18.31880664,418.2962308,8.064670735,0.1303587997,Modern,0.2,NA,NA,NA,NA,NA
REP_8.avi,1,General,DEL_8,DEL,8,0,299.98,0,15,2,0.28,0.9943742824,4.082497481,4.104535186,1224.678941,212.4502081,1224.362984,144.1873592,50.88973866,0.9179508831,Modern,0.2,NA,NA,NA,NA,NA
REP_8.avi,1,1_min,DEL_8,DEL,8,0,60,0,15,2,0.28,0.9954075775,3.82027148,3.837080163,229.2031313,263.497727,229.1543655,187.0359779,35.55343336,0.6413140726,Modern,0.2,NA,NA,NA,NA,NA
REP_8.avi,1,2_min,DEL_8,DEL,8,60,119.99,0,15,2,0.28,0.9896729776,3.677464248,3.713967338,220.7618455,266.6808192,220.6507201,173.426494,32.10375388,0.5790886336,Modern,0.2,NA,NA,NA,NA,NA
REP_8.avi,1,3_min,DEL_8,DEL,8,119.99,179.99,0,15,2,0.28,0.9890992542,3.981298667,4.022926704,239.0013286,295.7447046,238.8677678,141.7192526,37.74473219,0.6808407974,Modern,0.2,NA,NA,NA,NA,NA
REP_8.avi,1,4_min,DEL_8,DEL,8,179.99,239.99,0,15,2,0.28,0.9988525531,4.566002835,4.571133536,274.1017028,128.4028649,274.0948333,116.960127,35.41243677,0.6387707711,Modern,0.2,NA,NA,NA,NA,NA
REP_8.avi,1,5_min,DEL_8,DEL,8,239.99,298.98,0,15,2,0.28,0.9988331389,4.396409232,4.40128005,259.5297201,103.4123668,259.5140846,97.72211714,29.7056972,0.5358324035,Modern,0.2,NA,NA,NA,NA,NA
REP_8.avi,2,General,IMI_8,IMI,8,0,299.98,0,15,2,0.28,0.8315729047,1.419034925,1.673077165,425.6860408,2310.214827,417.3617327,312.0007685,33.85590126,0.5840391474,Modern,0.2,NA,NA,NA,NA,NA
REP_8.avi,2,1_min,IMI_8,IMI,8,0,60,0,15,2,0.28,0.5631458094,0.4316333849,0.6436150465,25.8965165,6066.060523,21.74569866,389.3564121,8.667668021,0.1495236356,Modern,0.2,NA,NA,NA,NA,NA
REP_8.avi,2,2_min,IMI_8,IMI,8,60,119.99,0,15,2,0.28,0.7865748709,0.9333801568,1.139285314,56.03174146,2320.335217,53.79576944,363.1720922,17.98514643,0.3102569772,Modern,0.2,NA,NA,NA,NA,NA
REP_8.avi,2,3_min,IMI_8,IMI,8,119.99,179.99,0,15,2,0.28,0.9024670109,1.823450983,2.00315603,109.4635806,1305.262622,108.52297,267.6254742,19.89723856,0.3432419701,Modern,0.2,NA,NA,NA,NA,NA
REP_8.avi,2,4_min,IMI_8,IMI,8,179.99,239.99,0,15,2,0.28,0.9575444636,2.130012143,2.216150628,127.8667527,815.854671,127.3895436,272.3402661,27.19450887,0.4691252391,Modern,0.2,NA,NA,NA,NA,NA
REP_8.avi,2,5_min,IMI_8,IMI,8,239.99,298.98,0,15,2,0.28,0.946907818,1.762988162,1.85241396,104.0730742,1055.67043,103.5463357,305.6955202,22.16823112,0.3824182586,Modern,0.2,NA,NA,NA,NA,NA
REP_8.avi,3,General,COM_8,COM,8,0,299.98,0,15,2,0.28,0.9498277842,3.016451039,3.168314973,904.8833668,927.879361,902.7542543,210.9870077,47.90373176,0.8542650143,Modern,0.2,NA,NA,NA,NA,NA
REP_8.avi,3,1_min,COM_8,COM,8,0,60,0,15,2,0.28,0.9173363949,1.935027562,2.094661701,116.0949892,1243.05409,115.2839469,288.6248215,26.91363028,0.4799495135,Modern,0.2,NA,NA,NA,NA,NA
REP_8.avi,3,2_min,COM_8,COM,8,60,119.99,0,15,2,0.28,0.8703384968,2.037805378,2.323960046,122.3314887,2370.129728,121.4206092,305.8347494,22.32316018,0.3980878743,Modern,0.2,NA,NA,NA,NA,NA
REP_8.avi,3,3_min,COM_8,COM,8,119.99,179.99,0,15,2,0.28,0.9690189329,3.032576003,3.123860165,182.0485611,662.0779109,181.7186092,194.6506091,30.60629204,0.5458005784,Modern,0.2,NA,NA,NA,NA,NA
REP_8.avi,3,4_min,COM_8,COM,8,179.99,239.99,0,15,2,0.28,0.9942627653,3.819261335,3.840345062,229.274066,240.3432225,229.2170826,164.9035814,33.60455951,0.5992685424,Modern,0.2,NA,NA,NA,NA,NA
REP_8.avi,3,5_min,COM_8,COM,8,239.99,298.98,0,15,2,0.28,0.9982497083,4.289208308,4.296385111,253.2014134,119.0087341,253.1811581,115.2247369,30.42851372,0.542630266,Modern,0.2,NA,NA,NA,NA,NA
REP_9.avi,0,General,DEL_9,DEL,9,0,299.99,0,15,2,0.28,0.9964644161,4.562800537,4.578287319,1368.777717,156.8127814,1368.567685,116.3091204,40.39580251,0.6598843825,Modern,0.2,NA,NA,NA,NA,NA
REP_9.avi,0,1_min,DEL_9,DEL,9,0,59.98,0,15,2,0.28,0.9960068454,4.801904373,4.820414971,288.0025443,151.0207647,287.9582776,104.82351,21.26763628,0.3474168146,Modern,0.2,NA,NA,NA,NA,NA
REP_9.avi,0,2_min,DEL_9,DEL,9,59.98,119.99,0,15,2,0.28,0.9971509972,4.484479397,4.496724636,269.2712927,171.4279583,269.2373106,138.5156459,33.36324913,0.5450043243,Modern,0.2,NA,NA,NA,NA,NA
REP_9.avi,0,3_min,DEL_9,DEL,9,119.99,180,0,15,2,0.28,0.9948717949,4.849074358,4.872914516,291.1634562,166.131683,291.0944555,104.1544661,25.05113774,0.4092220857,Modern,0.2,NA,NA,NA,NA,NA
REP_9.avi,0,4_min,DEL_9,DEL,9,180,239.98,0,15,2,0.28,0.9965792474,4.45383557,4.468395739,267.2788966,159.9433385,267.2353823,123.5642371,23.58154084,0.385215531,Modern,0.2,NA,NA,NA,NA,NA
REP_9.avi,0,5_min,DEL_9,DEL,9,239.98,298.99,0,15,2,0.28,0.9976825029,4.234685685,4.244195321,250.0707367,133.8167877,250.0514692,108.3910414,24.25921616,0.3962856753,Modern,0.2,NA,NA,NA,NA,NA
REP_9.avi,1,General,IMI_9,IMI,9,0,299.99,0.0575892348,15,2,0.28,0.9780835261,3.084160865,3.149625437,866.6420275,503.983733,865.6405204,159.4945324,37.94981814,0.6334452703,Modern,0.2,NA,NA,NA,NA,NA
REP_9.avi,1,1_min,IMI_9,IMI,9,0,59.98,0.04789053592,15,2,0.28,0.9969843185,4.031317974,4.042769249,228.6822636,141.1349207,228.6402617,113.7449367,24.0117755,0.4007962717,Modern,0.2,NA,NA,NA,NA,NA
REP_9.avi,1,2_min,IMI_9,IMI,9,59.98,119.99,0.04729344729,15,2,0.28,0.9945848375,3.814484936,3.834072174,216.9041318,157.4960882,216.8373239,120.1490461,24.97367321,0.4168519363,Modern,0.2,NA,NA,NA,NA,NA
REP_9.avi,1,3_min,IMI_9,IMI,9,119.99,180,0.04786324786,15,2,0.28,0.9909747292,2.484565949,2.505627003,141.2805736,376.1940912,141.1922702,187.1054185,15.03313476,0.2509278983,Modern,0.2,NA,NA,NA,NA,NA
REP_9.avi,1,4_min,IMI_9,IMI,9,180,239.98,0.04104903079,15,2,0.28,0.9892408846,2.697334328,2.724666688,154.3944276,232.5406363,154.2809419,150.2530599,15.50460953,0.2587975926,Modern,0.2,NA,NA,NA,NA,NA
REP_9.avi,1,5_min,IMI_9,IMI,9,239.98,298.99,0.1054461182,15,2,0.28,0.9132420091,2.319701424,2.525648871,121.6676571,1714.785036,120.976749,240.958719,23.77436622,0.3968335178,Modern,0.2,NA,NA,NA,NA,NA
REP_9.avi,2,General,CTR_9,CTR,9,0,299.99,0.1046869654,15,2,0.28,0.9955998447,5.036652789,5.058102844,1331.538802,171.7727594,1331.325618,120.0245469,44.02381761,0.7941031595,Modern,0.2,NA,NA,NA,NA,NA
REP_9.avi,2,1_min,CTR_9,CTR,9,0,59.98,0.09236031927,15,2,0.28,0.9987285442,4.500137446,4.505634825,242.1895512,118.749388,242.1771011,108.5950125,20.34252029,0.3669390914,Modern,0.2,NA,NA,NA,NA,NA
REP_9.avi,2,2_min,CTR_9,CTR,9,59.98,119.99,0.1219373219,15,2,0.28,1,5.447078886,5.447078886,282.7158434,107.1477543,282.7158434,107.1477543,34.41487194,0.6207766619,Modern,0.2,NA,NA,NA,NA,NA
REP_9.avi,2,3_min,CTR_9,CTR,9,119.99,180,0.07806267806,15,2,0.28,0.9968632371,5.44639491,5.463086191,297.0286536,145.47557,297.0043779,88.2746433,33.26126345,0.5999678318,Modern,0.2,NA,NA,NA,NA,NA
REP_9.avi,2,4_min,CTR_9,CTR,9,180,239.98,0.09350057013,15,2,0.28,0.9942602041,5.179485878,5.208149513,277.8648507,172.6894154,277.7988604,99.3501907,27.59799319,0.4978135649,Modern,0.2,NA,NA,NA,NA,NA
REP_9.avi,2,5_min,CTR_9,CTR,9,239.98,298.99,0.1326767092,15,2,0.28,0.987696514,4.585290827,4.640174215,229.5155495,325.1652015,229.4050821,204.0907105,24.20237169,0.4365632257,Modern,0.2,NA,NA,NA,NA,NA
REP_9.avi,3,General,COM_9,COM,9,0,299.99,0,15,2,0.28,0.9941833942,4.880066128,4.907503954,1463.953052,185.0615637,1463.62091,108.7795781,49.96295078,0.8714823131,Modern,0.2,NA,NA,NA,NA,NA
REP_9.avi,3,1_min,COM_9,COM,9,0,59.98,0,15,2,0.28,0.9925841415,4.757471786,4.791520992,285.3376228,219.184063,285.2486152,116.0926993,37.60707939,0.65596415,Modern,0.2,NA,NA,NA,NA,NA
REP_9.avi,3,2_min,COM_9,COM,9,59.98,119.99,0,15,2,0.28,0.9925925926,4.214964162,4.244996481,253.0882067,230.1886349,253.0034169,132.9696531,29.71740047,0.5183478658,Modern,0.2,NA,NA,NA,NA,NA
REP_9.avi,3,3_min,COM_9,COM,9,119.99,180,0,15,2,0.28,0.9925925926,4.665807585,4.699291212,280.1591731,201.6904286,280.079557,103.4981295,40.12328341,0.6998532171,Modern,0.2,NA,NA,NA,NA,NA
REP_9.avi,3,4_min,COM_9,COM,9,180,239.98,0,15,2,0.28,0.9954389966,5.297003027,5.320425016,317.8781753,145.7459927,317.8274969,93.26565157,29.60036773,0.5163065139,Modern,0.2,NA,NA,NA,NA,NA
REP_9.avi,3,5_min,COM_9,COM,9,239.98,298.99,0,15,2,0.28,0.9976825029,5.46213673,5.474348524,322.5553578,129.9312255,322.527308,99.2405142,35.19787674,0.6139414618,Modern,0.2,NA,NA,NA,NA,NA
REP_10.avi,0,General,DEL_10,DEL,10,0,300,0,15,2,0.28,0.791322314,2.05736252,2.586308146,617.208756,25845.42222,613.9810041,150.1579997,56.7943193,0.8193373586,Modern,0.2,NA,NA,NA,NA,NA
REP_10.avi,0,1_min,DEL_10,DEL,10,0,59.99,0,15,2,0.28,0.9971297359,2.448151327,2.454521314,146.8553585,104.8701397,146.8148596,98.77140931,23.88805517,0.3446185511,Modern,0.2,NA,NA,NA,NA,NA
REP_10.avi,0,2_min,DEL_10,DEL,10,59.99,119.97,0,15,2,0.28,0.9977051061,2.816324137,2.822415266,169.0376367,116.7370587,169.0144679,98.4798941,36.02323624,0.5196854825,Modern,0.2,NA,NA,NA,NA,NA
REP_10.avi,0,3_min,DEL_10,DEL,10,119.97,179.99,0,15,2,0.28,0.9971330275,2.661479727,2.668572541,159.8354216,191.1312174,159.8019163,141.8279113,40.83662585,0.5891253487,Modern,0.2,NA,NA,NA,NA,NA
REP_10.avi,0,4_min,DEL_10,DEL,10,179.99,239.98,0,15,2,0.28,0.7917383821,1.870847187,2.346876543,112.2894851,16520.8769,111.525125,246.3541689,33.92556361,0.4894236258,Modern,0.2,NA,NA,NA,NA,NA
REP_10.avi,0,5_min,DEL_10,DEL,10,239.98,298.97,0,15,2,0.28,0.1761960327,0.4951651773,2.595083602,29.22565819,113815.1568,26.98743967,355.2968515,12.63619268,0.1822947235,Modern,0.2,NA,NA,NA,NA,NA
REP_10.avi,1,General,CTR_10,CTR,10,0,300,0,15,2,0.28,0.8648989899,3.573847447,4.125074331,1072.154234,23553.70503,1070.331787,168.4625602,51.11154357,0.7841063566,Modern,0.2,NA,NA,NA,NA,NA
REP_10.avi,1,1_min,CTR_10,CTR,10,0,59.99,0,15,2,0.28,0.9896670494,3.970795722,4.01036936,238.1930492,278.2255779,238.0811562,164.0219763,22.73834777,0.3488308468,Modern,0.2,NA,NA,NA,NA,NA
REP_10.avi,1,2_min,CTR_10,CTR,10,59.99,119.97,0,15,2,0.28,0.9931153184,3.951435713,3.977673174,237.167784,300.0775816,237.0989072,189.6289081,26.31732058,0.4037361604,Modern,0.2,NA,NA,NA,NA,NA
REP_10.avi,1,3_min,CTR_10,CTR,10,119.97,179.99,0,15,2,0.28,0.9908256881,3.847912976,3.881604813,231.0867848,203.4458566,230.9715261,125.5367317,25.17374347,0.3861924507,Modern,0.2,NA,NA,NA,NA,NA
REP_10.avi,1,4_min,CTR_10,CTR,10,179.99,239.98,0,15,2,0.28,0.7263339071,3.074623128,4.214556647,184.5409129,42472.74208,183.7337712,191.3484522,37.99607394,0.5829008678,Modern,0.2,NA,NA,NA,NA,NA
REP_10.avi,1,5_min,CTR_10,CTR,10,239.98,298.97,0,15,2,0.28,0.6359393232,3.078413593,4.822228435,181.6942458,72399.30094,180.999621,183.8589095,33.15147559,0.5085794896,Modern,0.2,NA,NA,NA,NA,NA
REP_10.avi,2,General,COM_10,COM,10,0,300,0,15,2,0.28,0.7333562902,2.191734851,2.962128008,657.5204554,31192.05813,651.6885621,266.1038097,48.06534841,0.6599912763,Modern,0.2,NA,NA,NA,NA,NA
REP_10.avi,2,1_min,COM_10,COM,10,0,59.99,0,15,2,0.28,0.7267508611,1.025942055,1.356186195,61.54239186,4062.506443,59.12299322,259.1341661,20.96669493,0.2878962955,Modern,0.2,NA,NA,NA,NA,NA
REP_10.avi,2,2_min,COM_10,COM,10,59.99,119.97,0,15,2,0.28,0.9833620195,2.748437961,2.791450017,164.9630636,386.3027179,164.7570706,248.7664181,27.17723261,0.3731739606,Modern,0.2,NA,NA,NA,NA,NA
REP_10.avi,2,3_min,COM_10,COM,10,119.97,179.99,0,15,2,0.28,0.9873853211,3.934281687,3.982238548,236.273666,374.7645789,236.1368726,224.1958301,35.31490948,0.4849134138,Modern,0.2,NA,NA,NA,NA,NA
REP_10.avi,2,4_min,COM_10,COM,10,179.99,239.98,0,15,2,0.28,0.6322432587,2.259880597,3.545549696,135.6395275,71472.07428,134.5453087,265.9722375,30.95627567,0.425064471,Modern,0.2,NA,NA,NA,NA,NA
REP_10.avi,2,5_min,COM_10,COM,10,239.98,298.97,0,15,2,0.28,0.325554259,0.9544882578,2.828958327,56.33584277,81004.0137,54.35808355,475.7569606,17.80458162,0.2444769244,Modern,0.2,NA,NA,NA,NA,NA
REP_10.avi,3,General,IMI_10,IMI,10,0,300,0,15,2,0.28,0.7380624426,3.365104952,4.544334337,1009.531486,4389317109556,1006.20075,148.8099707,50.13181231,0.7531837934,Modern,0.2,NA,NA,NA,NA,NA
REP_10.avi,3,1_min,IMI_10,IMI,10,0,59.99,0,15,2,0.28,0.9954075775,4.621333826,4.641666071,277.2163748,122.3984358,277.1573336,82.56304328,33.79905678,0.5077993519,Modern,0.2,NA,NA,NA,NA,NA
REP_10.avi,3,2_min,IMI_10,IMI,10,59.99,119.97,0,15,2,0.28,0.992541595,4.954124775,4.989777564,297.3498444,161.7342422,297.2560326,97.64488962,26.98607912,0.4054407073,Modern,0.2,NA,NA,NA,NA,NA
REP_10.avi,3,3_min,IMI_10,IMI,10,119.97,179.99,0,15,2,0.28,0.9879587156,4.309166159,4.359217508,258.7873892,201.8590436,258.640901,111.0393614,42.1479499,0.6332336959,Modern,0.2,NA,NA,NA,NA,NA
REP_10.avi,3,4_min,IMI_10,IMI,10,179.99,239.98,0,15,2,0.28,0.6460126219,2.866986193,4.413195922,172.0784069,34878.97168,171.1177207,276.6465504,27.71502593,0.4163924543,Modern,0.2,NA,NA,NA,NA,NA
REP_10.avi,3,5_min,IMI_10,IMI,10,239.98,298.97,0,15,2,0.28,0.07001166861,0.07524048897,0.5752436191,4.440847042,59327.47909,2.377039748,1187.142771,0.4330211568,0.00650573962,Modern,0.2,NA,NA,NA,NA,NA
REP_11.avi,0,General,DEL_11,DEL,11,0,299.98,0,15,2,0.28,0.9875584979,3.573040497,3.615840446,1071.850978,366.210811,1071.195053,187.4178784,65.72001666,0.8514205263,Modern,0.2,NA,NA,NA,NA,NA
REP_11.avi,0,1_min,DEL_11,DEL,11,0,59.99,0,15,2,0.28,0.9851598174,3.379820268,3.427973785,202.7544979,295.6637407,202.5914313,134.7910372,32.56631187,0.4219053464,Modern,0.2,NA,NA,NA,NA,NA
REP_11.avi,0,2_min,DEL_11,DEL,11,59.99,119.98,0,15,2,0.28,0.9931545921,3.573077207,3.596762734,214.4702737,343.2024933,214.4141044,168.0800832,33.08292784,0.4285982456,Modern,0.2,NA,NA,NA,NA,NA
REP_11.avi,0,3_min,DEL_11,DEL,11,119.98,179.97,0,15,2,0.28,0.9777524244,3.146502882,3.214164196,188.8655899,592.1760656,188.6347349,274.6615147,37.02135836,0.4796216743,Modern,0.2,NA,NA,NA,NA,NA
REP_11.avi,0,4_min,DEL_11,DEL,11,179.97,239.99,0,15,2,0.28,0.9931584949,3.932297687,3.958167705,236.1667572,293.7523537,236.0940983,171.8881295,55.92493319,0.7245225804,Modern,0.2,NA,NA,NA,NA,NA
REP_11.avi,0,5_min,DEL_11,DEL,11,239.99,298.99,0,15,2,0.28,0.9883990719,3.832262641,3.874959764,226.2222494,309.7592775,226.0890751,190.5498161,37.54800572,0.4864445327,Modern,0.2,NA,NA,NA,NA,NA
REP_11.avi,1,General,CTR_11,CTR,11,0,299.98,0,15,2,0.28,0.9898413423,3.889228026,3.927246629,1166.701823,278.9101041,1166.13877,162.9381524,49.43295963,0.7204376183,Modern,0.2,NA,NA,NA,NA,NA
REP_11.avi,1,1_min,CTR_11,CTR,11,0,59.99,0,15,2,0.28,0.9840182648,4.268680969,4.335443047,256.0770093,335.0943252,255.9254858,144.6485629,28.13411462,0.4100275339,Modern,0.2,NA,NA,NA,NA,NA
REP_11.avi,1,2_min,CTR_11,CTR,11,59.99,119.98,0,15,2,0.28,0.9937250428,4.106109568,4.130911281,246.4649914,229.7464597,246.3977898,133.8393321,21.1177229,0.3077704047,Modern,0.2,NA,NA,NA,NA,NA
REP_11.avi,1,3_min,CTR_11,CTR,11,119.98,179.97,0,15,2,0.28,0.9845978323,3.248042611,3.295565721,194.9604074,336.6887332,194.7661851,224.4543305,40.20966472,0.5860170077,Modern,0.2,NA,NA,NA,NA,NA
REP_11.avi,1,4_min,CTR_11,CTR,11,179.97,239.99,0,15,2,0.28,0.9925883694,3.924009964,3.952062736,235.6690113,280.281633,235.5946318,146.0677819,29.70848369,0.4329724417,Modern,0.2,NA,NA,NA,NA,NA
REP_11.avi,1,5_min,CTR_11,CTR,11,239.99,298.99,0,15,2,0.28,0.994199536,3.892739019,3.914160141,229.7922297,215.5481504,229.7165034,168.2756629,23.20926525,0.3382526133,Modern,0.2,NA,NA,NA,NA,NA
REP_11.avi,2,General,COM_11,COM,11,0,299.98,0,15,2,0.28,0.8551535213,2.892472056,3.372614604,867.6920965,7396.77071,865.1815996,111.9904005,55.44565623,0.7536378993,Modern,0.2,NA,NA,NA,NA,NA
REP_11.avi,2,1_min,COM_11,COM,11,0,59.99,0,15,2,0.28,0.9543378995,1.334990864,1.390944188,80.0857385,587.089464,79.63220963,176.7236238,23.50073251,0.3194306621,Modern,0.2,NA,NA,NA,NA,NA
REP_11.avi,2,2_min,COM_11,COM,11,59.99,119.98,0,15,2,0.28,0.9783228751,2.77802345,2.835426832,166.747992,273.4071389,166.5042635,139.327035,35.78861345,0.4864520918,Modern,0.2,NA,NA,NA,NA,NA
REP_11.avi,2,3_min,COM_11,COM,11,119.98,179.97,0,15,2,0.28,0.9920136908,4.065957837,4.097300425,244.0549251,179.8025889,243.9721088,80.9408754,40.84387074,0.5551650216,Modern,0.2,NA,NA,NA,NA,NA
REP_11.avi,2,4_min,COM_11,COM,11,179.97,239.99,0,15,2,0.28,0.9988597491,5.008650569,5.014279867,300.8105837,115.4221457,300.8052843,55.25003274,46.56900117,0.6329831153,Modern,0.2,NA,NA,NA,NA,NA
REP_11.avi,2,5_min,COM_11,COM,11,239.99,298.99,0,15,2,0.28,0.3578886311,1.292443616,3.530485629,76.29422339,34904.6973,74.58687323,109.1325113,27.34999523,0.3717512669,Modern,0.2,NA,NA,NA,NA,NA
REP_11.avi,3,General,IMI_11,IMI,11,0,299.98,0,15,2,0.28,0.3216527794,0.2882766269,0.6038010834,86.47805269,9815.262556,58.26096398,513.0265079,20.63120106,0.3099645827,Modern,0.2,NA,NA,NA,NA,NA
REP_11.avi,3,1_min,IMI_11,IMI,11,0,59.99,0,15,2,0.28,0.2123287671,0.2004166342,0.4440573634,12.02293933,11588.13344,5.656200623,606.2456135,2.826062145,0.04245895188,Modern,0.2,NA,NA,NA,NA,NA
REP_11.avi,3,2_min,IMI_11,IMI,11,59.99,119.98,0,15,2,0.28,0.339988591,0.2506229468,0.4604005547,15.04338387,9190.509093,9.395607964,520.8254794,4.69691417,0.07056676128,Modern,0.2,NA,NA,NA,NA,NA
REP_11.avi,3,3_min,IMI_11,IMI,11,119.98,179.97,0,15,2,0.28,0.5099828865,0.5526740414,0.9428674673,33.17368925,6696.652859,28.86230152,358.3807477,14.2328537,0.2138353721,Modern,0.2,NA,NA,NA,NA,NA
REP_11.avi,3,4_min,IMI_11,IMI,11,179.97,239.99,0,15,2,0.28,0.3540478905,0.2548555466,0.4590877844,15.30616774,10412.45037,9.761804968,651.3644711,3.61798372,0.05435683605,Modern,0.2,NA,NA,NA,NA,NA
REP_11.avi,3,5_min,IMI_11,IMI,11,239.99,298.99,0,15,2,0.28,0.1948955916,0.1843948063,0.3996761686,10.88500757,10735.31905,4.598226079,554.9340023,1.929925696,0.0289953363,Modern,0.2,NA,NA,NA,NA,NA
REP_12.avi,0,General,CTR_12,CTR,12,0,299.99,0,15,2,0.28,0.9894024803,3.190404805,3.222746805,957.0782812,303.830776,956.5349691,140.7316459,64.30893613,0.874110883,Modern,0.2,NA,NA,NA,NA,NA
REP_12.avi,0,1_min,CTR_12,CTR,12,0,60,0,15,2,0.28,0.9943630214,3.726008502,3.74594402,223.5504289,186.6128472,223.4796148,140.3223642,43.92406113,0.5970321105,Modern,0.2,NA,NA,NA,NA,NA
REP_12.avi,0,2_min,CTR_12,CTR,12,60,119.99,0,15,2,0.28,0.9887323944,3.183680886,3.218171195,191.1199125,286.4967854,191.0136109,123.1981166,38.39454257,0.5218728459,Modern,0.2,NA,NA,NA,NA,NA
REP_12.avi,0,3_min,CTR_12,CTR,12,119.99,179.99,0,15,2,0.28,0.9814084507,2.884448996,2.936015423,173.1566886,507.4320418,172.9754758,191.3906837,41.95289532,0.5702392946,Modern,0.2,NA,NA,NA,NA,NA
REP_12.avi,0,4_min,CTR_12,CTR,12,179.99,239.99,0,15,2,0.28,0.9892957746,2.427746623,2.452057896,145.740336,317.2001683,145.6241093,163.5386538,32.08480572,0.4361085651,Modern,0.2,NA,NA,NA,NA,NA
REP_12.avi,0,5_min,CTR_12,CTR,12,239.99,298.97,0,15,2,0.28,0.9931232092,3.763791126,3.788680039,222.1257953,218.9383631,222.0570383,81.49657208,40.21356581,0.5465976836,Modern,0.2,NA,NA,NA,NA,NA
REP_12.avi,1,General,COM_12,COM,12,0,299.99,0,15,2,0.28,0.9607666291,2.733513868,2.837836869,820.0171811,487.9975168,817.9128043,150.873243,57.00887933,0.7905759972,Modern,0.2,NA,NA,NA,NA,NA
REP_12.avi,1,1_min,COM_12,COM,12,0,60,0,15,2,0.28,0.8923337091,1.820106984,2.017578126,109.2014945,1133.656104,108.0163073,220.3223595,27.22348841,0.3775242865,Modern,0.2,NA,NA,NA,NA,NA
REP_12.avi,1,2_min,COM_12,COM,12,60,119.99,0,15,2,0.28,0.9594366197,3.214104904,3.342943734,192.9463002,485.4894003,192.5403537,169.4526345,27.00224079,0.3744561143,Modern,0.2,NA,NA,NA,NA,NA
REP_12.avi,1,3_min,COM_12,COM,12,119.99,179.99,0,15,2,0.28,0.9876056338,2.973179536,3.008106423,178.4832818,332.3283386,178.3418073,159.2217455,31.24551374,0.4333001012,Modern,0.2,NA,NA,NA,NA,NA
REP_12.avi,1,4_min,COM_12,COM,12,179.99,239.99,0,15,2,0.28,0.9909859155,2.852774074,2.877158962,171.2552077,251.8999463,171.1621555,108.9026991,29.44098028,0.4082755636,Modern,0.2,NA,NA,NA,NA,NA
REP_12.avi,1,5_min,COM_12,COM,12,239.99,298.97,0,15,2,0.28,0.9730659026,2.820867954,2.894095107,166.4777658,238.7957624,166.1990494,103.1550763,34.07101859,0.4724830555,Modern,0.2,NA,NA,NA,NA,NA
REP_12.avi,2,General,DEL_12,DEL,12,0,299.99,0,15,2,0.28,0.982638106,3.455324402,3.513485377,1036.550577,593.9952727,1035.698679,200.9267961,54.62419782,0.7880303262,Modern,0.2,NA,NA,NA,NA,NA
REP_12.avi,2,1_min,DEL_12,DEL,12,0,60,0,15,2,0.28,0.9797068771,4.35833072,4.445224089,261.4880512,406.7914936,261.2892136,175.8086133,35.36116528,0.5101341845,Modern,0.2,NA,NA,NA,NA,NA
REP_12.avi,2,2_min,DEL_12,DEL,12,60,119.99,0,15,2,0.28,0.9842253521,3.651647361,3.708457378,219.2124616,1214.951327,219.1110336,168.0818242,27.38510505,0.3950683786,Modern,0.2,NA,NA,NA,NA,NA
REP_12.avi,2,3_min,DEL_12,DEL,12,119.99,179.99,0,15,2,0.28,0.9898591549,2.901314491,2.929465882,174.1691431,283.1100862,174.0757425,196.7912515,27.17277422,0.3920052098,Modern,0.2,NA,NA,NA,NA,NA
REP_12.avi,2,4_min,DEL_12,DEL,12,179.99,239.99,0,15,2,0.28,0.9718309859,2.677082203,2.749417926,160.7082288,596.6849252,160.4013096,272.574407,41.40729981,0.5973581174,Modern,0.2,NA,NA,NA,NA,NA
REP_12.avi,2,5_min,DEL_12,DEL,12,239.99,298.97,0,15,2,0.28,0.9873925501,3.692445776,3.73699587,217.9152421,474.9896956,217.7639301,195.1447774,31.61556014,0.4560986003,Modern,0.2,NA,NA,NA,NA,NA
REP_12.avi,3,General,IMI_12,IMI,12,0,299.99,0,15,2,0.28,0.986583991,2.831518233,2.867508181,849.4171647,344.7956434,848.6730279,169.4937087,56.04809622,0.8507609146,Modern,0.2,NA,NA,NA,NA,NA
REP_12.avi,3,1_min,IMI_12,IMI,12,0,60,0,15,2,0.28,0.9768883878,2.93368436,2.998836757,176.0131241,546.8048361,175.7638021,219.5826172,38.13651324,0.5788788035,Modern,0.2,NA,NA,NA,NA,NA
REP_12.avi,3,2_min,IMI_12,IMI,12,60,119.99,0,15,2,0.28,0.9876056338,2.843274087,2.876642988,170.6849129,313.0315849,170.5477258,133.5719499,33.03332825,0.5014169338,Modern,0.2,NA,NA,NA,NA,NA
REP_12.avi,3,3_min,IMI_12,IMI,12,119.99,179.99,0,15,2,0.28,0.9904225352,2.790079909,2.815379659,167.4916071,322.6125735,167.3916883,173.0368806,29.46382953,0.4472350757,Modern,0.2,NA,NA,NA,NA,NA
REP_12.avi,3,4_min,IMI_12,IMI,12,179.99,239.99,0,15,2,0.28,0.9915492958,2.698110864,2.71926166,161.9706028,237.7909747,161.8608131,159.5931308,25.2043949,0.382580596,Modern,0.2,NA,NA,NA,NA,NA
REP_12.avi,3,5_min,IMI_12,IMI,12,239.99,298.97,0,15,2,0.28,0.9856733524,2.898019865,2.93744918,171.0310019,315.2812089,170.8743435,162.9327413,34.48286239,0.5234195901,Modern,0.2,NA,NA,NA,NA,NA
REP_13.avi,0,General,CTR_13,CTR,13,0,299.97,0,15,2,0.28,0.9924580048,4.946980618,4.983220998,1483.941569,336.5727376,1483.538696,165.8970485,63.57831742,0.8816782979,Modern,0.2,NA,NA,NA,NA,NA
REP_13.avi,0,1_min,CTR_13,CTR,13,0,59.99,0,15,2,0.28,0.9954285714,4.977690923,4.999478748,298.5966173,221.6749076,298.532615,182.3018086,50.21317793,0.6963359687,Modern,0.2,NA,NA,NA,NA,NA
REP_13.avi,0,2_min,CTR_13,CTR,13,59.99,119.97,0,15,2,0.28,0.9977155911,5.907025327,5.920066126,354.5470588,161.3508765,354.5180654,120.6797948,49.37890165,0.6847665639,Modern,0.2,NA,NA,NA,NA,NA
REP_13.avi,0,3_min,CTR_13,CTR,13,119.97,180,0,15,2,0.28,0.9942922374,4.985870025,5.013223769,299.4290708,191.4083244,299.353368,152.2894282,47.59944662,0.6600898039,Modern,0.2,NA,NA,NA,NA,NA
REP_13.avi,0,4_min,CTR_13,CTR,13,180,239.98,0,15,2,0.28,0.9834380354,4.701459921,4.778029461,282.1875132,719.4203536,282.0336178,185.5970168,48.29439821,0.6697271104,Modern,0.2,NA,NA,NA,NA,NA
REP_13.avi,0,5_min,CTR_13,CTR,13,239.98,298.98,0,15,2,0.28,0.9912891986,4.197379758,4.232891596,247.7595017,387.3079713,247.6792224,184.1745278,40.16340892,0.5569698515,Modern,0.2,NA,NA,NA,NA,NA
REP_13.avi,1,General,DEL_13,DEL,13,0,299.97,0,15,2,0.28,0.5151411267,0.8746242397,1.599828847,262.3602894,20676.46517,247.2158655,274.4535023,45.25377603,0.6661088553,Modern,0.2,NA,NA,NA,NA,NA
REP_13.avi,1,1_min,DEL_13,DEL,13,0,59.99,0,15,2,0.28,0.4474285714,0.3167173343,0.535358249,18.99891458,9611.03346,14.36895448,457.541546,6.678111355,0.09829785489,Modern,0.2,NA,NA,NA,NA,NA
REP_13.avi,1,2_min,DEL_13,DEL,13,59.99,119.97,0,15,2,0.28,0.4460308395,0.4308584782,0.8037624719,25.86066553,10458.24434,21.5177901,395.3237784,10.48501936,0.1543332923,Modern,0.2,NA,NA,NA,NA,NA
REP_13.avi,1,3_min,DEL_13,DEL,13,119.97,180,0,15,2,0.28,0.1289954338,0.1201971535,0.5636118084,7.218503857,72118.8209,4.366238258,313.434923,2.653299521,0.03905500185,Modern,0.2,NA,NA,NA,NA,NA
REP_13.avi,1,4_min,DEL_13,DEL,13,180,239.98,0,15,2,0.28,0.572815534,0.7290502259,1.182550066,43.75850772,10801.69933,40.65737895,228.3538122,18.20249295,0.2679299454,Modern,0.2,NA,NA,NA,NA,NA
REP_13.avi,1,5_min,DEL_13,DEL,13,239.98,298.98,0,15,2,0.28,0.9802555168,2.745400028,2.796856738,162.053229,334.1307619,161.8309455,160.0382293,34.26161478,0.5043107338,Modern,0.2,NA,NA,NA,NA,NA
REP_13.avi,2,General,IMI_13,IMI,13,0,299.97,0,15,2,0.28,0.9785167409,3.088766163,3.152419331,926.5345592,447.7195796,925.3133628,232.3671201,58.97391485,0.8594878209,Modern,0.2,NA,NA,NA,NA,NA
REP_13.avi,2,1_min,IMI_13,IMI,13,0,59.99,0,15,2,0.28,0.9942857143,3.400651149,3.419002529,203.9947729,216.806192,203.9236417,176.7914893,43.9820202,0.6409954435,Modern,0.2,NA,NA,NA,NA,NA
REP_13.avi,2,2_min,IMI_13,IMI,13,59.99,119.97,0,15,2,0.28,0.9463163906,2.544409466,2.678538812,152.7186431,852.6484031,152.1385806,278.5662447,42.85126097,0.6245157203,Modern,0.2,NA,NA,NA,NA,NA
REP_13.avi,2,3_min,IMI_13,IMI,13,119.97,180,0,15,2,0.28,0.9823059361,3.317366629,3.37364863,199.2262137,469.314201,199.0213311,268.1913832,49.79854763,0.7257657102,Modern,0.2,NA,NA,NA,NA,NA
REP_13.avi,2,4_min,IMI_13,IMI,13,180,239.98,0,15,2,0.28,0.9805825243,3.041667836,3.09782494,182.5647133,380.6036385,182.3249382,234.9565518,48.29272631,0.7038198195,Modern,0.2,NA,NA,NA,NA,NA
REP_13.avi,2,5_min,IMI_13,IMI,13,239.98,298.98,0,15,2,0.28,0.9889663182,3.111747708,3.144317595,183.6777004,323.1702309,183.5523554,208.6520824,42.87076642,0.6247999935,Modern,0.2,NA,NA,NA,NA,NA
REP_13.avi,3,General,COM_13,COM,13,0,299.97,0,15,2,0.28,0.8711004457,2.167357169,2.4650569,650.1402867,1752.216622,644.1274038,253.1226101,53.15627282,0.8238139246,Modern,0.2,NA,NA,NA,NA,NA
REP_13.avi,3,1_min,COM_13,COM,13,0,59.99,0,15,2,0.28,0.5125714286,0.4335796637,0.7000752644,26.00913212,5575.98209,21.52564056,459.0925964,10.26042795,0.159015728,Modern,0.2,NA,NA,NA,NA,NA
REP_13.avi,3,2_min,COM_13,COM,13,59.99,119.97,0,15,2,0.28,0.8874928612,1.660493308,1.850892964,99.66488817,1930.695603,98.5941681,262.2175124,27.26138472,0.422495919,Modern,0.2,NA,NA,NA,NA,NA
REP_13.avi,3,3_min,COM_13,COM,13,119.97,180,0,15,2,0.28,0.9840182648,2.726872962,2.767954253,163.7638032,378.080415,163.5743027,207.0247145,32.05582618,0.4967999931,Modern,0.2,NA,NA,NA,NA,NA
REP_13.avi,3,4_min,COM_13,COM,13,180,239.98,0,15,2,0.28,0.9794403198,2.849860123,2.906514864,171.0521741,581.082676,170.8659717,255.7511598,30.06794141,0.4659918294,Modern,0.2,NA,NA,NA,NA,NA
REP_13.avi,3,5_min,COM_13,COM,13,239.98,298.98,0,15,2,0.28,0.9918699187,3.165763557,3.19029532,186.8661037,299.8453992,186.7831353,183.528401,40.78814086,0.6321330788,Modern,0.2,NA,NA,NA,NA,NA
REP_14.avi,0,General,COM_14,COM,14,0,268.7,0,15,2,0.28,0.9298628029,2.893133784,3.10427273,777.3833035,11047.1015,775.6136378,227.4891276,61.83341492,0.8323418429,Modern,0.2,NA,NA,NA,NA,NA
REP_14.avi,0,1_min,COM_14,COM,14,0,59.98,0,15,2,0.28,0.7553130385,1.708399668,2.237189474,102.4745503,46906.81741,101.3575937,307.6742378,31.53586641,0.4245054426,Modern,0.2,NA,NA,NA,NA,NA
REP_14.avi,0,2_min,COM_14,COM,14,59.98,120,0,15,2,0.28,0.9759036145,2.760587247,2.823962591,165.7779008,440.601612,165.4973425,235.1352322,42.27557132,0.5690730002,Modern,0.2,NA,NA,NA,NA,NA
REP_14.avi,0,3_min,COM_14,COM,14,120,179.98,0,15,2,0.28,0.975315729,2.998361898,3.070695254,179.9533653,1547.72506,179.7454345,230.7592738,40.11158013,0.5399434363,Modern,0.2,NA,NA,NA,NA,NA
REP_14.avi,0,4_min,COM_14,COM,14,179.98,240,0,15,2,0.28,0.9856569134,3.948095898,4.003735323,237.0897899,632.822297,236.9825077,128.0923779,40.51172066,0.5453297425,Modern,0.2,NA,NA,NA,NA,NA
REP_14.avi,0,5_min,COM_14,COM,14,240,268.7,0,15,2,0.28,0.9868105516,3.220931961,3.261974037,92.54977625,769.5135714,92.49283831,283.4403969,32.34060586,0.4353380695,Modern,0.2,NA,NA,NA,NA,NA
REP_14.avi,1,General,IMI_14,IMI,14,0,268.7,0,15,2,0.28,0.6400820618,1.538066747,2.374984858,413.2776077,56343.20873,408.472848,398.6381902,41.23899558,0.5890200511,Modern,0.2,NA,NA,NA,NA,NA
REP_14.avi,1,1_min,IMI_14,IMI,14,0,59.98,0,15,2,0.28,0.6990235497,0.7512760607,1.037199925,45.06362176,21838.53865,43.4891407,362.1922091,16.91067437,0.2415365879,Modern,0.2,NA,NA,NA,NA,NA
REP_14.avi,1,2_min,IMI_14,IMI,14,59.98,120,0,15,2,0.28,0.9432013769,1.850785877,1.951765761,111.1428005,1190.35538,110.5496265,401.1819913,29.18127904,0.4167986691,Modern,0.2,NA,NA,NA,NA,NA
REP_14.avi,1,3_min,IMI_14,IMI,14,120,179.98,0,15,2,0.28,0.9609644087,3.675168748,3.817769137,220.5734353,1268.585825,220.1876153,291.8202488,29.3830212,0.4196801694,Modern,0.2,NA,NA,NA,NA,NA
REP_14.avi,1,4_min,IMI_14,IMI,14,179.98,240,0,15,2,0.28,0.1881812966,0.4997557603,2.561677831,30.01117279,228541.1363,28.948504,731.649729,12.19704123,0.1742113684,Modern,0.2,NA,NA,NA,NA,NA
REP_14.avi,1,5_min,IMI_14,IMI,14,240,268.7,0,15,2,0.28,0.1582733813,0.2318835164,1.20372177,6.662906208,89372.7756,5.474290219,1265.778785,1.108467286,0.01583233171,Modern,0.2,NA,NA,NA,NA,NA
REP_14.avi,2,General,DEL_14,DEL,14,0,268.7,0,15,2,0.28,0.7677907424,0.9909136397,1.24409644,266.2578975,6260.004663,256.6632035,276.0875713,45.94148274,0.6902279939,Modern,0.2,NA,NA,NA,NA,NA
REP_14.avi,2,1_min,DEL_14,DEL,14,0,59.98,0,15,2,0.28,0.8167719701,0.9688614884,1.150666463,58.11499918,1908.840802,56.37373678,248.3911699,15.01864499,0.2256411545,Modern,0.2,NA,NA,NA,NA,NA
REP_14.avi,2,2_min,DEL_14,DEL,14,59.98,120,0,15,2,0.28,0.6483075158,0.8398485595,1.220693959,50.4343166,15445.96118,47.52400254,307.851528,18.00465188,0.2705031273,Modern,0.2,NA,NA,NA,NA,NA
REP_14.avi,2,3_min,DEL_14,DEL,14,120,179.98,0,15,2,0.28,0.7646383467,0.8958983433,1.125545084,53.76933381,8227.382605,51.65292167,285.4615593,17.4451239,0.2620967404,Modern,0.2,NA,NA,NA,NA,NA
REP_14.avi,2,4_min,DEL_14,DEL,14,179.98,240,0,15,2,0.28,0.7819850832,1.178442965,1.459567929,70.76747937,2099.049973,68.54060594,253.953476,25.30025029,0.3801126992,Modern,0.2,NA,NA,NA,NA,NA
REP_14.avi,2,5_min,DEL_14,DEL,14,240,268.7,0,15,2,0.28,0.8932853717,1.165208439,1.281038545,33.48092466,729.9827547,32.88109271,303.216306,13.33448806,0.200338265,Modern,0.2,NA,NA,NA,NA,NA
REP_14.avi,3,General,CTR_14,CTR,14,0,268.7,0,15,2,0.28,0.08693422234,0.2311091687,1.539181987,62.09889428,16996.17373,35.95401851,533.4765928,22.29696714,0.3349911666,Modern,0.2,NA,NA,NA,NA,NA
REP_14.avi,3,1_min,CTR_14,CTR,14,0,59.98,0,15,2,0.28,0.1792073521,0.6033247145,2.916995565,36.18908968,22149.04025,31.35581796,614.8485014,13.42142667,0.2016444366,Modern,0.2,NA,NA,NA,NA,NA
REP_14.avi,3,2_min,CTR_14,CTR,14,59.98,120,0,15,2,0.28,0.08491107286,0.1339428917,0.3347085025,8.043495617,16399.76116,1.70669624,514.6390752,3.400637193,0.0510914069,Modern,0.2,NA,NA,NA,NA,NA
REP_14.avi,3,3_min,CTR_14,CTR,14,120,179.98,0,15,2,0.28,0.01205510907,0.1028898051,0.3385008073,6.175160741,16502.45195,0.2449101449,490.3007139,2.456573049,0.03690772232,Modern,0.2,NA,NA,NA,NA,NA
REP_14.avi,3,4_min,CTR_14,CTR,14,179.98,240,0,15,2,0.28,0.04360298336,0.1147743221,0.3749647743,6.892390815,16416.08421,0.9818199085,437.4544003,2.926933225,0.04397444592,Modern,0.2,NA,NA,NA,NA,NA
REP_14.avi,3,5_min,CTR_14,CTR,14,240,268.7,0,15,2,0.28,0.1450839329,0.167597011,0.3993394447,4.815707395,9691.319091,1.664774257,415.1763378,2.454343854,0.03687423074,Modern,0.2,NA,NA,NA,NA,NA
REP_15.avi,0,General,COM_15,COM,15,0,300,0,15,2,0.28,0.9623315286,1.909129438,1.976805401,572.7322338,628.71403,570.696075,248.4459956,55.02768215,0.7553491788,Modern,0.2,NA,NA,NA,NA,NA
REP_15.avi,0,1_min,COM_15,COM,15,0,59.99,0,15,2,0.28,0.9844470046,3.661122048,3.715966357,219.6394884,256.9829271,219.4625049,138.136496,40.48552762,0.5557332028,Modern,0.2,NA,NA,NA,NA,NA
REP_15.avi,0,2_min,COM_15,COM,15,59.99,119.98,0,15,2,0.28,0.973517559,2.24305074,2.298878053,134.6435061,489.7736919,134.3402145,205.7705083,37.02637405,0.5082503959,Modern,0.2,NA,NA,NA,NA,NA
REP_15.avi,0,3_min,COM_15,COM,15,119.98,179.98,0,15,2,0.28,0.9844559585,1.606685788,1.628966648,96.44445565,387.2575344,96.26198184,212.3606514,23.51745148,0.3228172979,Modern,0.2,NA,NA,NA,NA,NA
REP_15.avi,0,4_min,COM_15,COM,15,179.98,239.97,0,15,2,0.28,0.9579735176,1.049425896,1.087686728,62.99384114,703.9435845,62.54659141,322.3073521,20.01427131,0.2747301505,Modern,0.2,NA,NA,NA,NA,NA
REP_15.avi,0,5_min,COM_15,COM,15,239.97,298.99,0,15,2,0.28,0.9174956115,0.9973424049,1.070951683,58.90238,1201.533901,58.03131763,359.0362628,20.12127267,0.2761989275,Modern,0.2,NA,NA,NA,NA,NA
REP_15.avi,1,General,IMI_15,IMI,15,0,300,0,15,2,0.28,0.9745421034,3.518311525,3.605286726,1055.481299,587.4512492,1054.038971,251.8058214,51.18845081,0.7384648781,Modern,0.2,NA,NA,NA,NA,NA
REP_15.avi,1,1_min,IMI_15,IMI,15,0,59.99,0,15,2,0.28,0.9896313364,4.205032346,4.246854259,252.2699711,244.6214009,252.1372505,149.7253479,26.00690515,0.3751859207,Modern,0.2,NA,NA,NA,NA,NA
REP_15.avi,1,2_min,IMI_15,IMI,15,59.99,119.98,0,15,2,0.28,0.985607369,4.052634627,4.109193949,243.2673168,516.0731033,243.1122798,236.0919601,29.23923811,0.421816837,Modern,0.2,NA,NA,NA,NA,NA
REP_15.avi,1,3_min,IMI_15,IMI,15,119.98,179.98,0,15,2,0.28,0.9637305699,3.388154294,3.509198117,203.3805857,786.1841054,203.0064501,286.0463953,32.36066862,0.4668478305,Modern,0.2,NA,NA,NA,NA,NA
REP_15.avi,1,4_min,IMI_15,IMI,15,179.98,239.97,0,15,2,0.28,0.9838802533,3.77549058,3.834229467,226.6312036,356.8964999,226.4470456,159.8432323,24.38460839,0.3517820246,Modern,0.2,NA,NA,NA,NA,NA
REP_15.avi,1,5_min,IMI_15,IMI,15,239.97,298.99,0,15,2,0.28,0.9490930369,2.098932405,2.20087609,123.9615537,1048.258964,123.3652769,441.1280419,31.88250626,0.4599496708,Modern,0.2,NA,NA,NA,NA,NA
REP_15.avi,2,General,DEL_15,DEL,15,0,300,0,15,2,0.28,0.9177514111,1.162116137,1.250609881,348.6308252,1504.800514,344.3207287,326.1431255,44.5811164,0.6497266916,Modern,0.2,NA,NA,NA,NA,NA
REP_15.avi,2,1_min,DEL_15,DEL,15,0,59.99,0,15,2,0.28,0.9141705069,0.9960871834,1.071090744,59.75765803,804.7135145,58.7421298,363.9471662,12.52529022,0.1825440014,Modern,0.2,NA,NA,NA,NA,NA
REP_15.avi,2,2_min,DEL_15,DEL,15,59.99,119.98,0,15,2,0.28,0.9015544041,1.082675274,1.182649969,64.98970006,1391.585058,64.00213743,353.4386192,16.98981079,0.2476100746,Modern,0.2,NA,NA,NA,NA,NA
REP_15.avi,2,3_min,DEL_15,DEL,15,119.98,179.98,0,15,2,0.28,0.9015544041,0.8838222927,0.9607175556,53.05316109,1261.780915,51.99169548,363.3525847,8.650949058,0.1260792229,Modern,0.2,NA,NA,NA,NA,NA
REP_15.avi,2,4_min,DEL_15,DEL,15,179.98,239.97,0,15,2,0.28,0.9487622337,1.361523201,1.424921608,81.72809206,672.2096194,81.1511494,252.8342679,25.13863365,0.3663712933,Modern,0.2,NA,NA,NA,NA,NA
REP_15.avi,2,5_min,DEL_15,DEL,15,239.97,298.99,0,15,2,0.28,0.921591574,1.480455464,1.594127737,87.43471637,3445.120317,86.76611899,305.0253642,28.81346184,0.4199283632,Modern,0.2,NA,NA,NA,NA,NA
REP_15.avi,3,General,CTR_15,CTR,15,0,300,0,15,2,0.28,0.7163921207,1.157590416,1.5660864,347.2731245,4790.622003,336.57571,256.199527,28.79785748,0.4326609898,Modern,0.2,NA,NA,NA,NA,NA
REP_15.avi,3,1_min,CTR_15,CTR,15,0,59.99,0,15,2,0.28,0.1008064516,0.1429103528,0.401922155,8.573534662,16516.17752,2.430672742,541.4230196,1.373184209,0.02063081393,Modern,0.2,NA,NA,NA,NA,NA
REP_15.avi,3,2_min,CTR_15,CTR,15,59.99,119.98,0,15,2,0.28,0.5820379965,0.6129549099,0.9521016497,36.79381686,5591.290585,33.26449763,359.3530106,13.17231411,0.1979017524,Modern,0.2,NA,NA,NA,NA,NA
REP_15.avi,3,3_min,CTR_15,CTR,15,119.98,179.98,0,15,2,0.28,0.9781232009,1.345912974,1.372223033,80.79105768,490.7498466,80.56837036,256.5031409,17.86978558,0.2684768866,Modern,0.2,NA,NA,NA,NA,NA
REP_15.avi,3,4_min,CTR_15,CTR,15,179.98,239.97,0,15,2,0.28,0.9660333909,1.619364261,1.669708266,97.20550582,451.1796464,96.8231147,228.6469099,17.09402567,0.2568218164,Modern,0.2,NA,NA,NA,NA,NA
REP_15.avi,3,5_min,CTR_15,CTR,15,239.97,298.99,0,15,2,0.28,0.9555295494,2.073897873,2.163154394,122.4830309,905.7160099,122.0731633,190.9552288,21.46380545,0.3224736882,Modern,0.2,NA,NA,NA,NA,NA